"position","row_id","entrez_id","symbol","group","source"
1,"gene246","246","ALOX15","FM_02","scGPT"
2,"gene212","212","ALAS2","FM_08","scGPT"
3,"gene1374","1374","CPT1A","FM_17","scGPT"
4,"gene2289","2289","FKBP5","FM_07","scGPT"
5,"gene3512","3512","JCHAIN","FM_14","scGPT"
6,"gene54541","54541","DDIT4","FM_07","scGPT"
7,"gene5187","5187","PER1","FM_07","scGPT"
8,"gene3848","3848","KRT1","FM_12","scGPT"
9,"gene6521","6521","SLC4A1","FM_08","scGPT"
10,"gene6535","6535","SLC6A8","FM_02","scGPT"
11,"gene27181","27181","SIGLEC8","FM_13","scGPT"
12,"gene6622","6622","SNCA","FM_08","scGPT"
13,"gene55437","55437","STRADB","FM_08","scGPT"
14,"gene759","759","CA1","FM_08","scGPT"
15,"gene6710","6710","SPTB","FM_03","scGPT"
16,"gene343171","343171","OR2W3","FM_02","scGPT"
17,"gene4940","4940","OAS3","FM_09","scGPT"
18,"gene5266","5266","PI3","FM_12","scGPT"
19,"gene4635","4635","MYL4","FM_08","scGPT"
20,"gene2766","2766","GMPR","FM_08","scGPT"
21,"gene286","286","ANK1","FM_03","scGPT"
22,"gene55512","55512","SMPD3","FM_03","scGPT"
23,"gene7111","7111","TMOD1","FM_03","scGPT"
24,"gene1844","1844","DUSP2","FM_07","scGPT"
25,"gene4057","4057","LTF","FM_12","scGPT"
26,"gene10417","10417","SPON2","FM_04","scGPT"
27,"gene249","249","ALPL","FM_16","scGPT"
28,"gene83888","83888","FGFBP2","FM_04","scGPT"
29,"gene7704","7704","ZBTB16","FM_01","scGPT"
30,"gene3568","3568","IL5RA","FM_12","scGPT"
31,"gene7057","7057","THBS1","FM_07","scGPT"
32,"gene2995","2995","GYPC","FM_08","scGPT"
33,"gene4599","4599","MX1","FM_09","scGPT"
34,"gene4811","4811","NID1","FM_11","scGPT"
35,"gene4318","4318","MMP9","FM_12","scGPT"
36,"gene5166","5166","PDK4","FM_07","scGPT"
37,"gene2039","2039","DMTN","FM_03","scGPT"
38,"gene51218","51218","GLRX5","FM_08","scGPT"
39,"gene8660","8660","IRS2","FM_07","scGPT"
40,"gene598","598","BCL2L1","FM_08","scGPT"
41,"gene2987","2987","GUK1","FM_10","scGPT"
42,"gene11126","11126","CD160","FM_04","scGPT"
43,"gene645","645","BLVRB","FM_08","scGPT"
44,"gene4541","4541","MT-ND6","FM_10","scGPT"
45,"gene3437","3437","IFIT3","FM_09","scGPT"
46,"gene3127","3127","HLA-DRB5","FM_14","scGPT"
47,"gene2537","2537","IFI6","FM_09","scGPT"
48,"gene51348","51348","KLRF1","FM_04","scGPT"
49,"gene3119","3119","HLA-DQB1","FM_14","scGPT"
50,"gene140","140","ADORA3","FM_13","scGPT"
51,"gene4784","4784","NFIX","FM_03","scGPT"
52,"gene2999","2999","GZMH","FM_04","scGPT"
53,"gene11251","11251","PTGDR2","FM_02","scGPT"
54,"gene53637","53637","S1PR5","FM_04","scGPT"
55,"gene4939","4939","OAS2","FM_09","scGPT"
56,"gene1843","1843","DUSP1","FM_07","scGPT"
57,"gene1052","1052","CEBPD","FM_07","scGPT"
58,"gene573","573","BAG1","FM_06","scGPT"
59,"gene81567","81567","TXNDC5","FM_19","scGPT"
60,"gene669","669","BPGM","FM_08","scGPT"
61,"gene788","788","SLC25A20","FM_02","scGPT"
62,"gene115362","115362","GBP5","FM_09","scGPT"
63,"gene5909","5909","RAP1GAP","FM_03","scGPT"
64,"gene3824","3824","KLRD1","FM_04","scGPT"
65,"gene91543","91543","RSAD2","FM_09","scGPT"
66,"gene3434","3434","IFIT1","FM_09","scGPT"
67,"gene4061","4061","LY6E","FM_09","scGPT"
68,"gene7097","7097","TLR2","FM_15","scGPT"
69,"gene83715","83715","ESPN","FM_02","scGPT"
70,"gene9636","9636","ISG15","FM_09","scGPT"
71,"gene2235","2235","FECH","FM_08","scGPT"
72,"gene10316","10316","NMUR1","FM_02","scGPT"
73,"gene2633","2633","GBP1","FM_09","scGPT"
74,"gene1668","1668","DEFA3","FM_12","scGPT"
75,"gene3433","3433","IFIT2","FM_09","scGPT"
76,"gene10644","10644","IGF2BP2","FM_06","scGPT"
77,"gene687","687","KLF9","FM_07","scGPT"
78,"gene3949","3949","LDLR","FM_19","scGPT"
79,"gene3029","3029","HAGH","FM_08","scGPT"
80,"gene11098","11098","PRSS23","FM_11","scGPT"
81,"gene10098","10098","TSPAN5","FM_01","scGPT"
82,"gene54739","54739","XAF1","FM_09","scGPT"
83,"gene3958","3958","LGALS3","FM_11","scGPT"
84,"gene2322","2322","FLT3","FM_15","scGPT"
85,"gene60675","60675","PROK2","FM_16","scGPT"
86,"gene7280","7280","TUBB2A","FM_18","scGPT"
87,"gene117157","117157","SH2D1B","FM_04","scGPT"
88,"gene6772","6772","STAT1","FM_09","scGPT"
89,"gene27087","27087","B3GAT1","FM_03","scGPT"
90,"gene4684","4684","NCAM1","FM_01","scGPT"
91,"gene5551","5551","PRF1","FM_04","scGPT"
92,"gene23770","23770","FKBP8","FM_08","scGPT"
93,"gene6563","6563","SLC14A1","FM_17","scGPT"
94,"gene6170","6170","RPL39","FM_05","scGPT"
95,"gene122618","122618","PLD4","FM_14","scGPT"
96,"gene27090","27090","ST6GALNAC4","FM_08","scGPT"
97,"gene84525","84525","HOPX","FM_04","scGPT"
98,"gene1718","1718","DHCR24","FM_19","scGPT"
99,"gene6351","6351","CCL4","FM_04","scGPT"
100,"gene6189","6189","RPS3A","FM_05","scGPT"
101,"gene4938","4938","OAS1","FM_09","scGPT"
102,"gene25793","25793","FBXO7","FM_08","scGPT"
103,"gene9902","9902","MRC2","FM_11","scGPT"
104,"gene6614","6614","SIGLEC1","FM_13","scGPT"
105,"gene665","665","BNIP3L","FM_08","scGPT"
106,"gene8651","8651","SOCS1","FM_07","scGPT"
107,"gene9415","9415","FADS2","FM_19","scGPT"
108,"gene115361","115361","GBP4","FM_09","scGPT"
109,"gene10964","10964","IFI44L","FM_09","scGPT"
110,"gene9734","9734","HDAC9","FM_01","scGPT"
111,"gene10410","10410","IFITM3","FM_11","scGPT"
112,"gene2935","2935","GSPT1","FM_08","scGPT"
113,"gene10808","10808","HSPH1","FM_18","scGPT"
114,"gene162466","162466","PHOSPHO1","FM_08","scGPT"
115,"gene51094","51094","ADIPOR1","FM_08","scGPT"
116,"gene10561","10561","IFI44","FM_09","scGPT"
117,"gene25941","25941","TPGS2","FM_08","scGPT"
118,"gene1299","1299","COL9A3","FM_11","scGPT"
119,"gene9332","9332","CD163","FM_15","scGPT"
120,"gene7049","7049","TGFBR3","FM_04","scGPT"
121,"gene4603","4603","MYBL1","FM_04","scGPT"
122,"gene30009","30009","TBX21","FM_04","scGPT"
123,"gene51759","51759","C9orf78","FM_08","scGPT"
124,"gene7088","7088","TLE1","FM_03","scGPT"
125,"gene8843","8843","HCAR3","FM_15","scGPT"
126,"gene84164","84164","ASCC2","FM_02","scGPT"
127,"gene255488","255488","RNF144B","FM_15","scGPT"
128,"gene1462","1462","VCAN","FM_12","scGPT"
129,"gene9047","9047","SH2D2A","FM_04","scGPT"
130,"gene10133","10133","OPTN","FM_03","scGPT"
131,"gene997","997","CDC34","FM_02","scGPT"
132,"gene7314","7314","UBB","FM_18","scGPT"
133,"gene5159","5159","PDGFRB","FM_11","scGPT"
134,"gene51191","51191","HERC5","FM_09","scGPT"
135,"gene26053","26053","AUTS2","FM_01","scGPT"
136,"gene11213","11213","IRAK3","FM_15","scGPT"
137,"gene4753","4753","NELL2","FM_01","scGPT"
138,"gene241","241","ALOX5AP","FM_15","scGPT"
139,"gene8818","8818","DPM2","FM_08","scGPT"
140,"gene5730","5730","PTGDS","FM_11","scGPT"
141,"gene4897","4897","NRCAM","FM_01","scGPT"
142,"gene266727","266727","MDGA1","FM_03","scGPT"
143,"gene8644","8644","AKR1C3","FM_11","scGPT"
144,"gene139189","139189","DGKK","FM_02","scGPT"
145,"gene10398","10398","MYL9","FM_11","scGPT"
146,"gene94240","94240","EPSTI1","FM_09","scGPT"
147,"gene8131","8131","NPRL3","FM_03","scGPT"
148,"gene2354","2354","FOSB","FM_07","scGPT"
149,"gene54625","54625","PARP14","FM_09","scGPT"
150,"gene26253","26253","CLEC4E","FM_15","scGPT"
151,"gene166929","166929","SGMS2","FM_07","scGPT"
152,"gene9619","9619","ABCG1","FM_15","scGPT"
153,"gene10409","10409","BASP1","FM_01","scGPT"
154,"gene2623","2623","GATA1","FM_08","scGPT"
155,"gene948","948","CD36","FM_08","scGPT"
156,"gene3597","3597","IL13RA1","FM_14","scGPT"
157,"gene5802","5802","PTPRS","FM_01","scGPT"
158,"gene23569","23569","PADI4","FM_12","scGPT"
159,"gene1831","1831","TSC22D3","FM_07","scGPT"
160,"gene10578","10578","GNLY","FM_04","scGPT"
161,"gene1088","1088","CEACAM8","FM_12","scGPT"
162,"gene7453","7453","WARS1","FM_09","scGPT"
163,"gene3992","3992","FADS1","FM_19","scGPT"
164,"gene6279","6279","S100A8","FM_12","scGPT"
165,"gene6768","6768","ST14","FM_02","scGPT"
166,"gene147700","147700","KLC3","FM_02","scGPT"
167,"gene2867","2867","FFAR2","FM_16","scGPT"
168,"gene9021","9021","SOCS3","FM_07","scGPT"
169,"gene6210","6210","RPS15A","FM_05","scGPT"
170,"gene3674","3674","ITGA2B","FM_20","scGPT"
171,"gene83547","83547","RILP","FM_08","scGPT"
172,"gene729230","729230","CCR2","FM_13","scGPT"
173,"gene5473","5473","PPBP","FM_20","scGPT"
174,"gene3988","3988","LIPA","FM_15","scGPT"
175,"gene7504","7504","XK","FM_08","scGPT"
176,"gene3985","3985","LIMK2","FM_16","scGPT"
177,"gene19","19","ABCA1","FM_17","scGPT"
178,"gene10498","10498","CARM1","FM_03","scGPT"
179,"gene51465","51465","UBE2J1","FM_14","scGPT"
180,"gene2064","2064","ERBB2","FM_02","scGPT"
181,"gene3690","3690","ITGB3","FM_20","scGPT"
182,"gene1066","1066","CES1","FM_15","scGPT"
183,"gene342510","342510","CD300E","FM_13","scGPT"
184,"gene2876","2876","GPX1","FM_10","scGPT"
185,"gene5029","5029","P2RY2","FM_02","scGPT"
186,"gene1236","1236","CCR7","FM_04","scGPT"
187,"gene59269","59269","HIVEP3","FM_01","scGPT"
188,"gene222487","222487","ADGRG3","FM_16","scGPT"
189,"gene5037","5037","PEBP1","FM_18","scGPT"
190,"gene4051","4051","CYP4F3","FM_16","scGPT"
191,"gene23166","23166","STAB1","FM_13","scGPT"
192,"gene3956","3956","LGALS1","FM_11","scGPT"
193,"gene27244","27244","SESN1","FM_01","scGPT"
194,"gene4066","4066","LYL1","FM_08","scGPT"
195,"gene6283","6283","S100A12","FM_12","scGPT"
196,"gene604","604","BCL6","FM_07","scGPT"
197,"gene3553","3553","IL1B","FM_07","scGPT"
198,"gene9148","9148","NEURL1","FM_03","scGPT"
199,"gene1240","1240","CMKLR1","FM_13","scGPT"
200,"gene2180","2180","ACSL1","FM_15","scGPT"
201,"gene8972","8972","MGAM","FM_16","scGPT"
202,"gene1808","1808","DPYSL2","FM_01","scGPT"
203,"gene2353","2353","FOS","FM_07","scGPT"
204,"gene1521","1521","CTSW","FM_04","scGPT"
205,"gene5920","5920","PLAAT4","FM_04","scGPT"
206,"gene6319","6319","SCD","FM_19","scGPT"
207,"gene973","973","CD79A","FM_14","scGPT"
208,"gene9256","9256","TSPOAP1","FM_03","scGPT"
209,"gene4609","4609","MYC","FM_06","scGPT"
210,"gene4145","4145","MATK","FM_04","scGPT"
211,"gene10346","10346","TRIM22","FM_09","scGPT"
212,"gene3117","3117","HLA-DQA1","FM_14","scGPT"
213,"gene3934","3934","LCN2","FM_12","scGPT"
214,"gene23608","23608","MKRN1","FM_08","scGPT"
215,"gene9435","9435","CHST2","FM_13","scGPT"
216,"gene1545","1545","CYP1B1","FM_07","scGPT"
217,"gene92745","92745","SLC38A5","FM_08","scGPT"
218,"gene2205","2205","FCER1A","FM_14","scGPT"
219,"gene6133","6133","RPL9","FM_05","scGPT"
220,"gene4035","4035","LRP1","FM_11","scGPT"
221,"gene56994","56994","CHPT1","FM_01","scGPT"
222,"gene338442","338442","HCAR2","FM_15","scGPT"
223,"gene1053","1053","CEBPE","FM_12","scGPT"
224,"gene5204","5204","PFDN5","FM_10","scGPT"
225,"gene93010","93010","B3GNT7","FM_09","scGPT"
226,"gene3759","3759","KCNJ2","FM_12","scGPT"
227,"gene9510","9510","ADAMTS1","FM_07","scGPT"
228,"gene3113","3113","HLA-DPA1","FM_14","scGPT"
229,"gene10905","10905","MAN1A2","FM_01","scGPT"
230,"gene3315","3315","HSPB1","FM_18","scGPT"
231,"gene6193","6193","RPS5","FM_05","scGPT"
232,"gene7001","7001","PRDX2","FM_08","scGPT"
233,"gene10602","10602","CDC42EP3","FM_12","scGPT"
234,"gene6285","6285","S100B","FM_11","scGPT"
235,"gene196","196","AHR","FM_07","scGPT"
236,"gene1524","1524","CX3CR1","FM_04","scGPT"
237,"gene9588","9588","PRDX6","FM_10","scGPT"
238,"gene4311","4311","MME","FM_16","scGPT"
239,"gene55831","55831","EMC3","FM_08","scGPT"
240,"gene9935","9935","MAFB","FM_07","scGPT"
241,"gene2015","2015","ADGRE1","FM_13","scGPT"
242,"gene10435","10435","CDC42EP2","FM_13","scGPT"
243,"gene2030","2030","SLC29A1","FM_08","scGPT"
244,"gene4012","4012","LNPEP","FM_01","scGPT"
245,"gene3162","3162","HMOX1","FM_15","scGPT"
246,"gene51312","51312","SLC25A37","FM_08","scGPT"
247,"gene2091","2091","FBL","FM_06","scGPT"
248,"gene5196","5196","PF4","FM_20","scGPT"
249,"gene3820","3820","KLRB1","FM_04","scGPT"
250,"gene23129","23129","PLXND1","FM_13","scGPT"
251,"gene59283","59283","CACNG8","FM_03","scGPT"
252,"gene84034","84034","EMILIN2","FM_13","scGPT"
253,"gene6231","6231","RPS26","FM_05","scGPT"
254,"gene6235","6235","RPS29","FM_05","scGPT"
255,"gene90480","90480","GADD45GIP1","FM_06","scGPT"
256,"gene64407","64407","RGS18","FM_20","scGPT"
257,"gene5144","5144","PDE4D","FM_01","scGPT"
258,"gene84333","84333","PCGF5","FM_01","scGPT"
259,"gene203","203","AK1","FM_19","scGPT"
260,"gene3560","3560","IL2RB","FM_04","scGPT"
261,"gene5866","5866","RAB3IL1","FM_02","scGPT"
262,"gene925","925","CD8A","FM_04","scGPT"
263,"gene939","939","CD27","FM_04","scGPT"
264,"gene1028","1028","CDKN1C","FM_07","scGPT"
265,"gene11224","11224","RPL35","FM_05","scGPT"
266,"gene7850","7850","IL1R2","FM_15","scGPT"
267,"gene54438","54438","GFOD1","FM_01","scGPT"
268,"gene7045","7045","TGFBI","FM_14","scGPT"
269,"gene83716","83716","CRISPLD2","FM_07","scGPT"
270,"gene5729","5729","PTGDR","FM_04","scGPT"
271,"gene2791","2791","GNG11","FM_20","scGPT"
272,"gene2812","2812","GP1BB","FM_20","scGPT"
273,"gene3067","3067","HDC","FM_12","scGPT"
274,"gene1595","1595","CYP51A1","FM_19","scGPT"
275,"gene54543","54543","TOMM7","FM_10","scGPT"
276,"gene116844","116844","LRG1","FM_16","scGPT"
277,"gene7264","7264","GFUS","FM_08","scGPT"
278,"gene83666","83666","PARP9","FM_09","scGPT"
279,"gene6222","6222","RPS18","FM_05","scGPT"
280,"gene9491","9491","PSMF1","FM_08","scGPT"
281,"gene596","596","BCL2","FM_01","scGPT"
282,"gene6234","6234","RPS28","FM_05","scGPT"
283,"gene2288","2288","FKBP4","FM_06","scGPT"
284,"gene6590","6590","SLPI","FM_12","scGPT"
285,"gene896","896","CCND3","FM_07","scGPT"
286,"gene3792","3792","KEL","FM_08","scGPT"
287,"gene259197","259197","NCR3","FM_04","scGPT"
288,"gene401258","401258","RAB44","FM_02","scGPT"
289,"gene6208","6208","RPS14","FM_05","scGPT"
290,"gene8685","8685","MARCO","FM_15","scGPT"
291,"gene131870","131870","NUDT16","FM_13","scGPT"
292,"gene8807","8807","IL18RAP","FM_04","scGPT"
293,"gene27343","27343","POLL","FM_02","scGPT"
294,"gene8671","8671","SLC4A4","FM_01","scGPT"
295,"gene100133941","100133941","CD24","FM_11","scGPT"
296,"gene9997","9997","SCO2","FM_19","scGPT"
297,"gene6510","6510","SLC1A5","FM_08","scGPT"
298,"gene6708","6708","SPTA1","FM_08","scGPT"
299,"gene8911","8911","CACNA1I","FM_03","scGPT"
300,"gene57823","57823","SLAMF7","FM_13","scGPT"
301,"gene9976","9976","CLEC2B","FM_14","scGPT"
302,"gene6678","6678","SPARC","FM_11","scGPT"
303,"gene6223","6223","RPS19","FM_05","scGPT"
304,"gene1191","1191","CLU","FM_18","scGPT"
305,"gene23365","23365","ARHGEF12","FM_01","scGPT"
306,"gene6726","6726","SRP9","FM_06","scGPT"
307,"gene3122","3122","HLA-DRA","FM_14","scGPT"
308,"gene926","926","CD8B","FM_04","scGPT"
309,"gene6633","6633","SNRPD2","FM_10","scGPT"
310,"gene81027","81027","TUBB1","FM_20","scGPT"
311,"gene6773","6773","STAT2","FM_09","scGPT"
312,"gene6281","6281","S100A10","FM_11","scGPT"
313,"gene5997","5997","RGS2","FM_07","scGPT"
314,"gene7226","7226","TRPM2","FM_03","scGPT"
315,"gene129685","129685","TAF8","FM_02","scGPT"
316,"gene8460","8460","TPST1","FM_01","scGPT"
317,"gene4082","4082","MARCKS","FM_07","scGPT"
318,"gene80097","80097","MZT2B","FM_10","scGPT"
319,"gene22934","22934","RPIA","FM_08","scGPT"
320,"gene4354","4354","MPP1","FM_08","scGPT"
321,"gene388","388","RHOB","FM_07","scGPT"
322,"gene9246","9246","UBE2L6","FM_09","scGPT"
323,"gene7852","7852","CXCR4","FM_07","scGPT"
324,"gene80310","80310","PDGFD","FM_01","scGPT"
325,"gene10622","10622","POLR3G","FM_03","scGPT"
326,"gene10135","10135","NAMPT","FM_07","scGPT"
327,"gene4778","4778","NFE2","FM_08","scGPT"
328,"gene160364","160364","CLEC12A","FM_12","scGPT"
329,"gene1912","1912","PHC2","FM_01","scGPT"
330,"gene10663","10663","CXCR6","FM_04","scGPT"
331,"gene9437","9437","NCR1","FM_04","scGPT"
332,"gene84649","84649","DGAT2","FM_16","scGPT"
333,"gene2624","2624","GATA2","FM_12","scGPT"
334,"gene3326","3326","HSP90AB1","FM_18","scGPT"
335,"gene5079","5079","PAX5","FM_14","scGPT"
336,"gene5208","5208","PFKFB2","FM_16","scGPT"
337,"gene353189","353189","SLCO4C1","FM_19","scGPT"
338,"gene3945","3945","LDHB","FM_10","scGPT"
339,"gene84174","84174","SLA2","FM_04","scGPT"
340,"gene3821","3821","KLRC1","FM_04","scGPT"
341,"gene356","356","FASLG","FM_04","scGPT"
342,"gene59352","59352","LGR6","FM_17","scGPT"
343,"gene6201","6201","RPS7","FM_05","scGPT"
344,"gene6164","6164","RPL34","FM_05","scGPT"
345,"gene3921","3921","RPSA","FM_05","scGPT"
346,"gene3576","3576","CXCL8","FM_07","scGPT"
347,"gene6227","6227","RPS21","FM_05","scGPT"
348,"gene7915","7915","ALDH5A1","FM_03","scGPT"
349,"gene684","684","BST2","FM_09","scGPT"
350,"gene80781","80781","COL18A1","FM_11","scGPT"
351,"gene6934","6934","TCF7L2","FM_17","scGPT"
352,"gene338440","338440","ANO9","FM_02","scGPT"
353,"gene80216","80216","ALPK1","FM_16","scGPT"
354,"gene6515","6515","SLC2A3","FM_07","scGPT"
355,"gene1933","1933","EEF1B2","FM_05","scGPT"
356,"gene400916","400916","CHCHD10","FM_10","scGPT"
357,"gene79689","79689","STEAP4","FM_07","scGPT"
358,"gene726","726","CAPN5","FM_02","scGPT"
359,"gene729359","729359","PLIN4","FM_16","scGPT"
360,"gene57610","57610","RANBP10","FM_03","scGPT"
361,"gene4064","4064","CD180","FM_13","scGPT"
362,"gene25873","25873","RPL36","FM_05","scGPT"
363,"gene1847","1847","DUSP5","FM_07","scGPT"
364,"gene8291","8291","DYSF","FM_03","scGPT"
365,"gene51523","51523","CXXC5","FM_13","scGPT"
366,"gene3070","3070","HELLS","FM_06","scGPT"
367,"gene6036","6036","RNASE2","FM_12","scGPT"
368,"gene11123","11123","RCAN3","FM_04","scGPT"
369,"gene10581","10581","IFITM2","FM_11","scGPT"
370,"gene50509","50509","COL5A3","FM_17","scGPT"
371,"gene9975","9975","NR1D2","FM_01","scGPT"
372,"gene5464","5464","PPA1","FM_06","scGPT"
373,"gene140803","140803","TRPM6","FM_17","scGPT"
374,"gene6846","6846","XCL2","FM_04","scGPT"
375,"gene4537","4537","MT-ND3","FM_05","scGPT"
376,"gene3490","3490","IGFBP7","FM_11","scGPT"
377,"gene84766","84766","CRACR2A","FM_02","scGPT"
378,"gene944","944","TNFSF8","FM_04","scGPT"
379,"gene366","366","AQP9","FM_16","scGPT"
380,"gene9934","9934","P2RY14","FM_03","scGPT"
381,"gene7846","7846","TUBA1A","FM_18","scGPT"
382,"gene6478","6478","SIAH2","FM_08","scGPT"
383,"gene6171","6171","RPL41","FM_05","scGPT"
384,"gene6152","6152","RPL24","FM_05","scGPT"
385,"gene360","360","AQP3","FM_11","scGPT"
386,"gene2214","2214","FCGR3A","FM_15","scGPT"
387,"gene3004","3004","GZMM","FM_04","scGPT"
388,"gene5494","5494","PPM1A","FM_01","scGPT"
389,"gene1232","1232","CCR3","FM_02","scGPT"
390,"gene4953","4953","ODC1","FM_06","scGPT"
391,"gene3274","3274","HRH2","FM_03","scGPT"
392,"gene5577","5577","PRKAR2B","FM_01","scGPT"
393,"gene9254","9254","CACNA2D2","FM_03","scGPT"
394,"gene915","915","CD3D","FM_04","scGPT"
395,"gene3123","3123","HLA-DRB1","FM_14","scGPT"
396,"gene154","154","ADRB2","FM_04","scGPT"
397,"gene929","929","CD14","FM_12","scGPT"
398,"gene3577","3577","CXCR1","FM_16","scGPT"
399,"gene1880","1880","GPR183","FM_14","scGPT"
400,"gene6204","6204","RPS10","FM_05","scGPT"
401,"gene6224","6224","RPS20","FM_05","scGPT"
402,"gene126231","126231","ZNF573","FM_03","scGPT"
403,"gene57514","57514","ARHGAP31","FM_17","scGPT"
404,"gene31","31","ACACA","FM_01","scGPT"
405,"gene1870","1870","E2F2","FM_02","scGPT"
406,"gene10449","10449","ACAA2","FM_06","scGPT"
407,"gene114907","114907","FBXO32","FM_01","scGPT"
408,"gene6139","6139","RPL17","FM_05","scGPT"
409,"gene79887","79887","PLBD1","FM_12","scGPT"
410,"gene2793","2793","GNGT2","FM_13","scGPT"
411,"gene2059","2059","EPS8","FM_07","scGPT"
412,"gene8334","8334","H2AC6","FM_20","scGPT"
413,"gene3613","3613","IMPA2","FM_16","scGPT"
414,"gene170622","170622","COMMD6","FM_10","scGPT"
415,"gene2550","2550","GABBR1","FM_03","scGPT"
416,"gene3572","3572","IL6ST","FM_07","scGPT"
417,"gene2950","2950","GSTP1","FM_10","scGPT"
418,"gene2081","2081","ERN1","FM_07","scGPT"
419,"gene4792","4792","NFKBIA","FM_07","scGPT"
420,"gene9398","9398","CD101","FM_02","scGPT"
421,"gene3028","3028","HSD17B10","FM_06","scGPT"
422,"gene6241","6241","RRM2","FM_06","scGPT"
423,"gene23401","23401","FRAT2","FM_16","scGPT"
424,"gene8794","8794","TNFRSF10C","FM_16","scGPT"
425,"gene22800","22800","RRAS2","FM_03","scGPT"
426,"gene3398","3398","ID2","FM_07","scGPT"
427,"gene4068","4068","SH2D1A","FM_04","scGPT"
428,"gene6286","6286","S100P","FM_12","scGPT"
429,"gene157285","157285","PRAG1","FM_03","scGPT"
430,"gene3340","3340","NDST1","FM_02","scGPT"
431,"gene85441","85441","HELZ2","FM_09","scGPT"
432,"gene6144","6144","RPL21","FM_05","scGPT"
433,"gene8638","8638","OASL","FM_09","scGPT"
434,"gene54407","54407","SLC38A2","FM_07","scGPT"
435,"gene81794","81794","ADAMTS10","FM_03","scGPT"
436,"gene6272","6272","SORT1","FM_01","scGPT"
437,"gene445582","445582","POTEE","FM_02","scGPT"
438,"gene1345","1345","COX6C","FM_10","scGPT"
439,"gene6146","6146","RPL22","FM_05","scGPT"
440,"gene514","514","ATP5F1E","FM_10","scGPT"
441,"gene6155","6155","RPL27","FM_05","scGPT"
442,"gene6160","6160","RPL31","FM_05","scGPT"
443,"gene162966","162966","ZNF600","FM_02","scGPT"
444,"gene3728","3728","JUP","FM_11","scGPT"
445,"gene26289","26289","AK5","FM_01","scGPT"
446,"gene2768","2768","GNA12","FM_03","scGPT"
447,"gene26268","26268","FBXO9","FM_08","scGPT"
448,"gene6647","6647","SOD1","FM_18","scGPT"
449,"gene7320","7320","UBE2B","FM_01","scGPT"
450,"gene3430","3430","IFI35","FM_09","scGPT"
451,"gene389","389","RHOC","FM_11","scGPT"
452,"gene4261","4261","CIITA","FM_14","scGPT"
453,"gene65018","65018","PINK1","FM_17","scGPT"
454,"gene146850","146850","PIK3R6","FM_02","scGPT"
455,"gene301","301","ANXA1","FM_07","scGPT"
456,"gene63893","63893","UBE2O","FM_03","scGPT"
457,"gene6886","6886","TAL1","FM_08","scGPT"
458,"gene54498","54498","SMOX","FM_08","scGPT"
459,"gene57630","57630","SH3RF1","FM_01","scGPT"
460,"gene1471","1471","CST3","FM_11","scGPT"
461,"gene56005","56005","MYDGF","FM_06","scGPT"
462,"gene8536","8536","CAMK1","FM_13","scGPT"
463,"gene10219","10219","KLRG1","FM_04","scGPT"
464,"gene5052","5052","PRDX1","FM_10","scGPT"
465,"gene838","838","CASP5","FM_16","scGPT"
466,"gene682","682","BSG","FM_08","scGPT"
467,"gene3164","3164","NR4A1","FM_07","scGPT"
468,"gene1475","1475","CSTA","FM_12","scGPT"
469,"gene5610","5610","EIF2AK2","FM_09","scGPT"
470,"gene6352","6352","CCL5","FM_04","scGPT"
471,"gene2634","2634","GBP2","FM_09","scGPT"
472,"gene5721","5721","PSME2","FM_09","scGPT"
473,"gene127933","127933","UHMK1","FM_08","scGPT"
474,"gene6168","6168","RPL37A","FM_05","scGPT"
475,"gene3115","3115","HLA-DPB1","FM_14","scGPT"
476,"gene8718","8718","TNFRSF25","FM_03","scGPT"
477,"gene80727","80727","TTYH3","FM_13","scGPT"
478,"gene221472","221472","FGD2","FM_13","scGPT"
479,"gene1350","1350","COX7C","FM_10","scGPT"
480,"gene6641","6641","SNTB1","FM_17","scGPT"
481,"gene4900","4900","NRGN","FM_03","scGPT"
482,"gene5141","5141","PDE4A","FM_03","scGPT"
483,"gene5027","5027","P2RX7","FM_03","scGPT"
484,"gene219333","219333","USP12","FM_03","scGPT"
485,"gene302","302","ANXA2","FM_11","scGPT"
486,"gene4353","4353","MPO","FM_12","scGPT"
487,"gene8724","8724","SNX3","FM_10","scGPT"
488,"gene25801","25801","GCA","FM_15","scGPT"
489,"gene968","968","CD68","FM_15","scGPT"
490,"gene122416","122416","ANKRD9","FM_17","scGPT"
491,"gene2153","2153","F5","FM_16","scGPT"
492,"gene9531","9531","BAG3","FM_18","scGPT"
493,"gene23191","23191","CYFIP1","FM_03","scGPT"
494,"gene8787","8787","RGS9","FM_02","scGPT"
495,"gene6280","6280","S100A9","FM_12","scGPT"
496,"gene54790","54790","TET2","FM_01","scGPT"
497,"gene1116","1116","CHI3L1","FM_12","scGPT"
498,"gene6194","6194","RPS6","FM_05","scGPT"
499,"gene6154","6154","RPL26","FM_05","scGPT"
500,"gene22914","22914","KLRK1","FM_04","scGPT"
501,"gene1593","1593","CYP27A1","FM_15","scGPT"
502,"gene91319","91319","DERL3","FM_14","scGPT"
503,"gene3646","3646","EIF3E","FM_10","scGPT"
504,"gene6206","6206","RPS12","FM_05","scGPT"
505,"gene321","321","APBA2","FM_01","scGPT"
506,"gene7273","7273","TTN","FM_08","scGPT"
507,"gene8875","8875","VNN2","FM_16","scGPT"
508,"gene28996","28996","HIPK2","FM_01","scGPT"
509,"gene1512","1512","CTSH","FM_14","scGPT"
510,"gene25824","25824","PRDX5","FM_10","scGPT"
511,"gene10963","10963","STIP1","FM_06","scGPT"
512,"gene217","217","ALDH2","FM_14","scGPT"
513,"gene114879","114879","OSBPL5","FM_03","scGPT"
514,"gene25956","25956","SEC31B","FM_03","scGPT"
515,"gene3566","3566","IL4R","FM_16","scGPT"
516,"gene4833","4833","NME4","FM_06","scGPT"
517,"gene133522","133522","PPARGC1B","FM_03","scGPT"
518,"gene5140","5140","PDE3B","FM_01","scGPT"
519,"gene55432","55432","YOD1","FM_08","scGPT"
520,"gene1675","1675","CFD","FM_11","scGPT"
521,"gene23475","23475","QPRT","FM_06","scGPT"
522,"gene330","330","BIRC3","FM_07","scGPT"
523,"gene3925","3925","STMN1","FM_18","scGPT"
524,"gene3693","3693","ITGB5","FM_17","scGPT"
525,"gene6175","6175","RPLP0","FM_05","scGPT"
526,"gene6161","6161","RPL32","FM_05","scGPT"
527,"gene7311","7311","UBA52","FM_05","scGPT"
528,"gene4831","4831","NME2","FM_19","scGPT"
529,"gene6141","6141","RPL18","FM_05","scGPT"
530,"gene6713","6713","SQLE","FM_19","scGPT"
531,"gene8905","8905","AP1S2","FM_12","scGPT"
532,"gene4303","4303","FOXO4","FM_02","scGPT"
533,"gene8669","8669","EIF3J","FM_06","scGPT"
534,"gene146330","146330","FBXL16","FM_03","scGPT"
535,"gene6165","6165","RPL35A","FM_05","scGPT"
536,"gene4502","4502","MT2A","FM_11","scGPT"
537,"gene22885","22885","ABLIM3","FM_17","scGPT"
538,"gene513","513","ATP5F1D","FM_10","scGPT"
539,"gene51734","51734","MSRB1","FM_16","scGPT"
540,"gene10871","10871","CD300C","FM_13","scGPT"
541,"gene6228","6228","RPS23","FM_05","scGPT"
542,"gene143686","143686","SESN3","FM_01","scGPT"
543,"gene51024","51024","FIS1","FM_10","scGPT"
544,"gene6191","6191","RPS4X","FM_05","scGPT"
545,"gene2781","2781","GNAZ","FM_17","scGPT"
546,"gene6001","6001","RGS10","FM_10","scGPT"
547,"gene84874","84874","ZNF514","FM_02","scGPT"
548,"gene84131","84131","CEP78","FM_04","scGPT"
549,"gene4605","4605","MYBL2","FM_06","scGPT"
550,"gene3822","3822","KLRC2","FM_04","scGPT"
551,"gene8140","8140","SLC7A5","FM_07","scGPT"
552,"gene2048","2048","EPHB2","FM_03","scGPT"
553,"gene3394","3394","IRF8","FM_14","scGPT"
554,"gene80139","80139","ZNF703","FM_13","scGPT"
555,"gene5727","5727","PTCH1","FM_03","scGPT"
556,"gene6721","6721","SREBF2","FM_19","scGPT"
557,"gene6648","6648","SOD2","FM_07","scGPT"
558,"gene5836","5836","PYGL","FM_16","scGPT"
559,"gene2947","2947","GSTM3","FM_06","scGPT"
560,"gene4345","4345","CD200","FM_18","scGPT"
561,"gene151742","151742","PPM1L","FM_01","scGPT"
562,"gene340205","340205","TREML1","FM_20","scGPT"
563,"gene708","708","C1QBP","FM_06","scGPT"
564,"gene7169","7169","TPM2","FM_11","scGPT"
565,"gene6202","6202","RPS8","FM_05","scGPT"
566,"gene3480","3480","IGF1R","FM_01","scGPT"
567,"gene66002","66002","CYP4F12","FM_02","scGPT"
568,"gene388931","388931","MFSD2B","FM_20","scGPT"
569,"gene133","133","ADM","FM_07","scGPT"
570,"gene6147","6147","RPL23A","FM_05","scGPT"
571,"gene3579","3579","CXCR2","FM_16","scGPT"
572,"gene6142","6142","RPL18A","FM_05","scGPT"
573,"gene4282","4282","MIF","FM_10","scGPT"
574,"gene3336","3336","HSPE1","FM_18","scGPT"
575,"gene4773","4773","NFATC2","FM_04","scGPT"
576,"gene2787","2787","GNG5","FM_10","scGPT"
577,"gene10437","10437","IFI30","FM_14","scGPT"
578,"gene161882","161882","ZFPM1","FM_02","scGPT"
579,"gene2357","2357","FPR1","FM_15","scGPT"
580,"gene6635","6635","SNRPE","FM_06","scGPT"
581,"gene56975","56975","FAM20C","FM_17","scGPT"
582,"gene2162","2162","F13A1","FM_14","scGPT"
583,"gene9231","9231","DLG5","FM_17","scGPT"
584,"gene10859","10859","LILRB1","FM_13","scGPT"
585,"gene933","933","CD22","FM_14","scGPT"
586,"gene942","942","CD86","FM_14","scGPT"
587,"gene9145","9145","SYNGR1","FM_08","scGPT"
588,"gene2058","2058","EPRS1","FM_08","scGPT"
589,"gene6556","6556","SLC11A1","FM_15","scGPT"
590,"gene6217","6217","RPS16","FM_05","scGPT"
591,"gene80012","80012","PHC3","FM_01","scGPT"
592,"gene2776","2776","GNAQ","FM_01","scGPT"
593,"gene6169","6169","RPL38","FM_05","scGPT"
594,"gene117155","117155","CATSPER2","FM_01","scGPT"
595,"gene25946","25946","ZNF385A","FM_13","scGPT"
596,"gene134429","134429","STARD4","FM_19","scGPT"
597,"gene3556","3556","IL1RAP","FM_15","scGPT"
598,"gene7128","7128","TNFAIP3","FM_07","scGPT"
599,"gene6159","6159","RPL29","FM_05","scGPT"
600,"gene9194","9194","SLC16A7","FM_01","scGPT"
601,"gene275","275","AMT","FM_02","scGPT"
602,"gene5567","5567","PRKACB","FM_01","scGPT"
603,"gene83988","83988","NCALD","FM_01","scGPT"
604,"gene9580","9580","SOX13","FM_02","scGPT"
605,"gene4708","4708","NDUFB2","FM_10","scGPT"
606,"gene3575","3575","IL7R","FM_04","scGPT"
607,"gene4830","4830","NME1","FM_06","scGPT"
608,"gene27287","27287","VENTX","FM_02","scGPT"
609,"gene55423","55423","SIRPG","FM_04","scGPT"
610,"gene4646","4646","MYO6","FM_01","scGPT"
611,"gene58477","58477","SRPRB","FM_06","scGPT"
612,"gene6188","6188","RPS3","FM_05","scGPT"
613,"gene54583","54583","EGLN1","FM_03","scGPT"
614,"gene1163","1163","CKS1B","FM_06","scGPT"
615,"gene5732","5732","PTGER2","FM_04","scGPT"
616,"gene306","306","ANXA3","FM_11","scGPT"
617,"gene1043","1043","CD52","FM_14","scGPT"
618,"gene7203","7203","CCT3","FM_06","scGPT"
619,"gene2206","2206","MS4A2","FM_12","scGPT"
620,"gene6173","6173","RPL36A","FM_05","scGPT"
621,"gene79071","79071","ELOVL6","FM_01","scGPT"
622,"gene6039","6039","RNASE6","FM_14","scGPT"
623,"gene123","123","PLIN2","FM_15","scGPT"
624,"gene8541","8541","PPFIA3","FM_03","scGPT"
625,"gene1890","1890","TYMP","FM_12","scGPT"
626,"gene3386","3386","ICAM4","FM_08","scGPT"
627,"gene3595","3595","IL12RB2","FM_03","scGPT"
628,"gene9045","9045","RPL14","FM_05","scGPT"
629,"gene55466","55466","DNAJA4","FM_18","scGPT"
630,"gene5966","5966","REL","FM_07","scGPT"
631,"gene54210","54210","TREM1","FM_15","scGPT"
632,"gene4638","4638","MYLK","FM_11","scGPT"
633,"gene3717","3717","JAK2","FM_01","scGPT"
634,"gene2309","2309","FOXO3","FM_01","scGPT"
635,"gene140807","140807","KRT72","FM_02","scGPT"
636,"gene8320","8320","EOMES","FM_04","scGPT"
637,"gene6207","6207","RPS13","FM_05","scGPT"
638,"gene2201","2201","FBN2","FM_11","scGPT"
639,"gene3486","3486","IGFBP3","FM_11","scGPT"
640,"gene79834","79834","PEAK1","FM_01","scGPT"
641,"gene57698","57698","SHTN1","FM_01","scGPT"
642,"gene463","463","ZFHX3","FM_01","scGPT"
643,"gene6375","6375","XCL1","FM_04","scGPT"
644,"gene57654","57654","UVSSA","FM_03","scGPT"
645,"gene539","539","ATP5PO","FM_10","scGPT"
646,"gene597","597","BCL2A1","FM_15","scGPT"
647,"gene719","719","C3AR1","FM_15","scGPT"
648,"gene83999","83999","KREMEN1","FM_16","scGPT"
649,"gene56172","56172","ANKH","FM_01","scGPT"
650,"gene710","710","SERPING1","FM_11","scGPT"
651,"gene10462","10462","CLEC10A","FM_14","scGPT"
652,"gene6209","6209","RPS15","FM_05","scGPT"
653,"gene527","527","ATP6V0C","FM_18","scGPT"
654,"gene81030","81030","ZBP1","FM_09","scGPT"
655,"gene6095","6095","RORA","FM_01","scGPT"
656,"gene1051","1051","CEBPB","FM_07","scGPT"
657,"gene6233","6233","RPS27A","FM_05","scGPT"
658,"gene5901","5901","RAN","FM_06","scGPT"
659,"gene9170","9170","LPAR2","FM_02","scGPT"
660,"gene2317","2317","FLNB","FM_11","scGPT"
661,"gene2203","2203","FBP1","FM_15","scGPT"
662,"gene2017","2017","CTTN","FM_01","scGPT"
663,"gene6218","6218","RPS17","FM_05","scGPT"
664,"gene192286","192286","HIGD2A","FM_10","scGPT"
665,"gene259173","259173","ALS2CL","FM_02","scGPT"
666,"gene10549","10549","PRDX4","FM_06","scGPT"
667,"gene23547","23547","LILRA4","FM_14","scGPT"
668,"gene353","353","APRT","FM_06","scGPT"
669,"gene51389","51389","RWDD1","FM_10","scGPT"
670,"gene100996939","100996939","PYURF","FM_06","scGPT"
671,"gene84992","84992","PIGY","FM_02","scGPT"
672,"gene59285","59285","CACNG6","FM_02","scGPT"
673,"gene940","940","CD28","FM_04","scGPT"
674,"gene760","760","CA2","FM_11","scGPT"
675,"gene2760","2760","GM2A","FM_13","scGPT"
676,"gene8349","8349","H2BC21","FM_20","scGPT"
677,"gene978","978","CDA","FM_12","scGPT"
678,"gene2790","2790","GNG10","FM_19","scGPT"
679,"gene54843","54843","SYTL2","FM_01","scGPT"
680,"gene10870","10870","HCST","FM_04","scGPT"
681,"gene671","671","BPI","FM_12","scGPT"
682,"gene27102","27102","EIF2AK1","FM_08","scGPT"
683,"gene3772","3772","KCNJ15","FM_16","scGPT"
684,"gene1436","1436","CSF1R","FM_13","scGPT"
685,"gene728294","728294","D2HGDH","FM_02","scGPT"
686,"gene6167","6167","RPL37","FM_05","scGPT"
687,"gene6134","6134","RPL10","FM_05","scGPT"
688,"gene8714","8714","ABCC3","FM_17","scGPT"
689,"gene6125","6125","RPL5","FM_05","scGPT"
690,"gene56953","56953","NT5M","FM_17","scGPT"
691,"gene8482","8482","SEMA7A","FM_02","scGPT"
692,"gene64759","64759","TNS3","FM_17","scGPT"
693,"gene90990","90990","KIFC2","FM_03","scGPT"
694,"gene2194","2194","FASN","FM_19","scGPT"
695,"gene4736","4736","RPL10A","FM_05","scGPT"
696,"gene974","974","CD79B","FM_14","scGPT"
697,"gene4869","4869","NPM1","FM_10","scGPT"
698,"gene5016","5016","OVGP1","FM_02","scGPT"
699,"gene3590","3590","IL11RA","FM_11","scGPT"
700,"gene23645","23645","PPP1R15A","FM_07","scGPT"
701,"gene23677","23677","SH3BP4","FM_02","scGPT"
702,"gene155066","155066","ATP6V0E2","FM_18","scGPT"
703,"gene8993","8993","PGLYRP1","FM_12","scGPT"
704,"gene4069","4069","LYZ","FM_12","scGPT"
705,"gene1848","1848","DUSP6","FM_07","scGPT"
706,"gene1717","1717","DHCR7","FM_19","scGPT"
707,"gene55967","55967","NDUFA12","FM_10","scGPT"
708,"gene30817","30817","ADGRE2","FM_13","scGPT"
709,"gene643","643","CXCR5","FM_04","scGPT"
710,"gene10857","10857","PGRMC1","FM_18","scGPT"
711,"gene1312","1312","COMT","FM_10","scGPT"
712,"gene51386","51386","EIF3L","FM_10","scGPT"
713,"gene1536","1536","CYBB","FM_12","scGPT"
714,"gene8740","8740","TNFSF14","FM_04","scGPT"
715,"gene27339","27339","PRPF19","FM_06","scGPT"
716,"gene84443","84443","FRMPD3","FM_03","scGPT"
717,"gene5621","5621","PRNP","FM_18","scGPT"
718,"gene3903","3903","LAIR1","FM_15","scGPT"
719,"gene3312","3312","HSPA8","FM_18","scGPT"
720,"gene1803","1803","DPP4","FM_04","scGPT"
721,"gene23586","23586","RIGI","FM_09","scGPT"
722,"gene23327","23327","NEDD4L","FM_01","scGPT"
723,"gene3091","3091","HIF1A","FM_07","scGPT"
724,"gene57571","57571","CARNS1","FM_17","scGPT"
725,"gene89790","89790","SIGLEC10","FM_13","scGPT"
726,"gene8111","8111","GPR68","FM_02","scGPT"
727,"gene4660","4660","PPP1R12B","FM_01","scGPT"
728,"gene64425","64425","POLR1E","FM_02","scGPT"
729,"gene10728","10728","PTGES3","FM_18","scGPT"
730,"gene140809","140809","SRXN1","FM_19","scGPT"
731,"gene23250","23250","ATP11A","FM_03","scGPT"
732,"gene8821","8821","INPP4B","FM_01","scGPT"
733,"gene57162","57162","PELI1","FM_07","scGPT"
734,"gene6137","6137","RPL13","FM_05","scGPT"
735,"gene4000","4000","LMNA","FM_07","scGPT"
736,"gene5209","5209","PFKFB3","FM_07","scGPT"
737,"gene56993","56993","TOMM22","FM_06","scGPT"
738,"gene7090","7090","TLE3","FM_02","scGPT"
739,"gene7494","7494","XBP1","FM_07","scGPT"
740,"gene718","718","C3","FM_12","scGPT"
741,"gene64167","64167","ERAP2","FM_09","scGPT"
742,"gene2149","2149","F2R","FM_04","scGPT"
743,"gene81857","81857","MED25","FM_02","scGPT"
744,"gene1891","1891","ECH1","FM_06","scGPT"
745,"gene8673","8673","VAMP8","FM_10","scGPT"
746,"gene6720","6720","SREBF1","FM_19","scGPT"
747,"gene8607","8607","RUVBL1","FM_06","scGPT"
748,"gene8682","8682","PEA15","FM_13","scGPT"
749,"gene10055","10055","SAE1","FM_06","scGPT"
750,"gene85439","85439","STON2","FM_17","scGPT"
751,"gene10913","10913","EDAR","FM_02","scGPT"
752,"gene6843","6843","VAMP1","FM_17","scGPT"
753,"gene3557","3557","IL1RN","FM_15","scGPT"
754,"gene5603","5603","MAPK13","FM_02","scGPT"
755,"gene28984","28984","RGCC","FM_07","scGPT"
756,"gene319101","319101","KRT73","FM_02","scGPT"
757,"gene1296","1296","COL8A2","FM_02","scGPT"
758,"gene27242","27242","TNFRSF21","FM_03","scGPT"
759,"gene10051","10051","SMC4","FM_06","scGPT"
760,"gene8780","8780","RIOK3","FM_08","scGPT"
761,"gene55558","55558","PLXNA3","FM_02","scGPT"
762,"gene6138","6138","RPL15","FM_05","scGPT"
763,"gene55704","55704","CCDC88A","FM_01","scGPT"
764,"gene6513","6513","SLC2A1","FM_08","scGPT"
765,"gene1622","1622","DBI","FM_10","scGPT"
766,"gene4171","4171","MCM2","FM_06","scGPT"
767,"gene64981","64981","MRPL34","FM_06","scGPT"
768,"gene23136","23136","EPB41L3","FM_01","scGPT"
769,"gene9450","9450","LY86","FM_14","scGPT"
770,"gene6176","6176","RPLP1","FM_05","scGPT"
771,"gene23305","23305","ACSL6","FM_03","scGPT"
772,"gene64386","64386","MMP25","FM_16","scGPT"
773,"gene6230","6230","RPS25","FM_05","scGPT"
774,"gene10276","10276","NET1","FM_08","scGPT"
775,"gene80739","80739","MPIG6B","FM_20","scGPT"
776,"gene10875","10875","FGL2","FM_12","scGPT"
777,"gene56261","56261","GPCPD1","FM_07","scGPT"
778,"gene24138","24138","IFIT5","FM_09","scGPT"
779,"gene2053","2053","EPHX2","FM_02","scGPT"
780,"gene80005","80005","DOCK5","FM_17","scGPT"
781,"gene79888","79888","LPCAT1","FM_19","scGPT"
782,"gene29107","29107","NXT1","FM_06","scGPT"
783,"gene4193","4193","MDM2","FM_15","scGPT"
784,"gene2358","2358","FPR2","FM_15","scGPT"
785,"gene10161","10161","LPAR6","FM_14","scGPT"
786,"gene9759","9759","HDAC4","FM_01","scGPT"
787,"gene10654","10654","PMVK","FM_06","scGPT"
788,"gene84254","84254","CAMKK1","FM_03","scGPT"
789,"gene1378","1378","CR1","FM_16","scGPT"
790,"gene10575","10575","CCT4","FM_06","scGPT"
791,"gene53834","53834","FGFRL1","FM_02","scGPT"
792,"gene3459","3459","IFNGR1","FM_15","scGPT"
793,"gene22918","22918","CD93","FM_13","scGPT"
794,"gene2281","2281","FKBP1B","FM_17","scGPT"
795,"gene84628","84628","NTNG2","FM_02","scGPT"
796,"gene94015","94015","TTYH2","FM_13","scGPT"
797,"gene6923","6923","ELOB","FM_10","scGPT"
798,"gene253260","253260","RICTOR","FM_01","scGPT"
799,"gene7476","7476","WNT7A","FM_20","scGPT"
800,"gene10516","10516","FBLN5","FM_11","scGPT"
801,"gene917","917","CD3G","FM_04","scGPT"
802,"gene3014","3014","H2AX","FM_06","scGPT"
803,"gene2197","2197","FAU","FM_05","scGPT"
804,"gene5087","5087","PBX1","FM_01","scGPT"
805,"gene5245","5245","PHB1","FM_06","scGPT"
806,"gene10783","10783","NEK6","FM_17","scGPT"
807,"gene55827","55827","DCAF6","FM_01","scGPT"
808,"gene1032","1032","CDKN2D","FM_08","scGPT"
809,"gene864","864","RUNX3","FM_04","scGPT"
810,"gene51176","51176","LEF1","FM_04","scGPT"
811,"gene1230","1230","CCR1","FM_13","scGPT"
812,"gene8542","8542","APOL1","FM_09","scGPT"
813,"gene5296","5296","PIK3R2","FM_02","scGPT"
814,"gene7381","7381","UQCRB","FM_10","scGPT"
815,"gene4689","4689","NCF4","FM_15","scGPT"
816,"gene6157","6157","RPL27A","FM_05","scGPT"
817,"gene2199","2199","FBLN2","FM_11","scGPT"
818,"gene7706","7706","TRIM25","FM_09","scGPT"
819,"gene9241","9241","NOG","FM_02","scGPT"
820,"gene123041","123041","SLC24A4","FM_03","scGPT"
821,"gene9314","9314","KLF4","FM_07","scGPT"
822,"gene8815","8815","BANF1","FM_06","scGPT"
823,"gene26232","26232","FBXO2","FM_17","scGPT"
824,"gene1019","1019","CDK4","FM_06","scGPT"
825,"gene23433","23433","RHOQ","FM_07","scGPT"
826,"gene64135","64135","IFIH1","FM_09","scGPT"
827,"gene3094","3094","HINT1","FM_10","scGPT"
828,"gene91584","91584","PLXNA4","FM_01","scGPT"
829,"gene55112","55112","DYNC2I1","FM_01","scGPT"
830,"gene8741","8741","TNFSF13","FM_19","scGPT"
831,"gene7036","7036","TFR2","FM_08","scGPT"
832,"gene51380","51380","CSAD","FM_03","scGPT"
833,"gene2219","2219","FCN1","FM_12","scGPT"
834,"gene5728","5728","PTEN","FM_01","scGPT"
835,"gene4703","4703","NEB","FM_16","scGPT"
836,"gene4092","4092","SMAD7","FM_09","scGPT"
837,"gene1175","1175","AP2S1","FM_10","scGPT"
838,"gene22836","22836","RHOBTB3","FM_01","scGPT"
839,"gene23463","23463","ICMT","FM_06","scGPT"
840,"gene59340","59340","HRH4","FM_02","scGPT"
841,"gene3068","3068","HDGF","FM_06","scGPT"
842,"gene6229","6229","RPS24","FM_05","scGPT"
843,"gene55615","55615","PRR5","FM_02","scGPT"
844,"gene4332","4332","MNDA","FM_12","scGPT"
845,"gene5775","5775","PTPN4","FM_01","scGPT"
846,"gene3959","3959","LGALS3BP","FM_09","scGPT"
847,"gene9334","9334","B4GALT5","FM_03","scGPT"
848,"gene57674","57674","RNF213","FM_09","scGPT"
849,"gene653361","653361","NCF1","FM_14","scGPT"
850,"gene2739","2739","GLO1","FM_06","scGPT"
851,"gene26140","26140","TTLL3","FM_03","scGPT"
852,"gene27018","27018","BEX3","FM_18","scGPT"
853,"gene912","912","CD1D","FM_14","scGPT"
854,"gene54549","54549","SDK2","FM_03","scGPT"
855,"gene2625","2625","GATA3","FM_04","scGPT"
856,"gene4809","4809","SNU13","FM_06","scGPT"
857,"gene2215","2215","FCGR3B","FM_16","scGPT"
858,"gene114822","114822","RHPN1","FM_03","scGPT"
859,"gene962","962","CD48","FM_14","scGPT"
860,"gene8357","8357","H3C10","FM_20","scGPT"
861,"gene221937","221937","FOXK1","FM_03","scGPT"
862,"gene23423","23423","TMED3","FM_06","scGPT"
863,"gene221037","221037","JMJD1C","FM_01","scGPT"
864,"gene51650","51650","MRPS33","FM_06","scGPT"
865,"gene868","868","CBLB","FM_01","scGPT"
866,"gene6732","6732","SRPK1","FM_01","scGPT"
867,"gene4715","4715","NDUFB9","FM_10","scGPT"
868,"gene6307","6307","MSMO1","FM_19","scGPT"
869,"gene8519","8519","IFITM1","FM_04","scGPT"
870,"gene6158","6158","RPL28","FM_05","scGPT"
871,"gene161742","161742","SPRED1","FM_01","scGPT"
872,"gene1154","1154","CISH","FM_08","scGPT"
873,"gene8665","8665","EIF3F","FM_10","scGPT"
874,"gene5197","5197","PF4V1","FM_20","scGPT"
875,"gene4904","4904","YBX1","FM_10","scGPT"
876,"gene80854","80854","SETD7","FM_17","scGPT"
877,"gene7514","7514","XPO1","FM_01","scGPT"
878,"gene706","706","TSPO","FM_12","scGPT"
879,"gene84159","84159","ARID5B","FM_01","scGPT"
880,"gene5886","5886","RAD23A","FM_08","scGPT"
881,"gene9651","9651","PLCH2","FM_03","scGPT"
882,"gene80115","80115","BAIAP2L2","FM_03","scGPT"
883,"gene7153","7153","TOP2A","FM_06","scGPT"
884,"gene1628","1628","DBP","FM_13","scGPT"
885,"gene3320","3320","HSP90AA1","FM_18","scGPT"
886,"gene5800","5800","PTPRO","FM_01","scGPT"
887,"gene55240","55240","STEAP3","FM_02","scGPT"
888,"gene6150","6150","MRPL23","FM_06","scGPT"
889,"gene8668","8668","EIF3I","FM_06","scGPT"
890,"gene151636","151636","DTX3L","FM_09","scGPT"
891,"gene290","290","ANPEP","FM_15","scGPT"
892,"gene7089","7089","TLE2","FM_02","scGPT"
893,"gene54331","54331","GNG2","FM_01","scGPT"
894,"gene54464","54464","XRN1","FM_01","scGPT"
895,"gene728","728","C5AR1","FM_15","scGPT"
896,"gene4050","4050","LTB","FM_14","scGPT"
897,"gene80201","80201","HKDC1","FM_17","scGPT"
898,"gene11343","11343","MGLL","FM_11","scGPT"
899,"gene22898","22898","DENND3","FM_03","scGPT"
900,"gene64061","64061","TSPYL2","FM_18","scGPT"
901,"gene1937","1937","EEF1G","FM_19","scGPT"
902,"gene1269","1269","CNR2","FM_02","scGPT"
903,"gene27335","27335","EIF3K","FM_10","scGPT"
904,"gene10154","10154","PLXNC1","FM_01","scGPT"
905,"gene1241","1241","LTB4R","FM_02","scGPT"
906,"gene60489","60489","APOBEC3G","FM_04","scGPT"
907,"gene51310","51310","SLC22A17","FM_18","scGPT"
908,"gene10811","10811","NOXA1","FM_03","scGPT"
909,"gene25885","25885","POLR1A","FM_03","scGPT"
910,"gene1233","1233","CCR4","FM_04","scGPT"
911,"gene57105","57105","CYSLTR2","FM_02","scGPT"
912,"gene51747","51747","LUC7L3","FM_01","scGPT"
913,"gene56937","56937","PMEPA1","FM_07","scGPT"
914,"gene4509","4509","MT-ATP8","FM_10","scGPT"
915,"gene4522","4522","MTHFD1","FM_06","scGPT"
916,"gene7056","7056","THBD","FM_07","scGPT"
917,"gene91749","91749","SLC60A2","FM_03","scGPT"
918,"gene51320","51320","MEX3C","FM_02","scGPT"
919,"gene2672","2672","GFI1","FM_02","scGPT"
920,"gene8477","8477","GPR65","FM_04","scGPT"
921,"gene216","216","ALDH1A1","FM_11","scGPT"
922,"gene10490","10490","VTI1B","FM_06","scGPT"
923,"gene5351","5351","PLOD1","FM_11","scGPT"
924,"gene9585","9585","KIF20B","FM_06","scGPT"
925,"gene959","959","CD40LG","FM_04","scGPT"
926,"gene253782","253782","CERS6","FM_01","scGPT"
927,"gene518","518","ATP5MC3","FM_10","scGPT"
928,"gene5411","5411","PNN","FM_06","scGPT"
929,"gene2570","2570","GABRR2","FM_17","scGPT"
930,"gene29116","29116","MYLIP","FM_07","scGPT"
931,"gene10794","10794","ZNF460","FM_02","scGPT"
932,"gene10970","10970","CKAP4","FM_06","scGPT"
933,"gene79090","79090","TRAPPC6A","FM_06","scGPT"
934,"gene6124","6124","RPL4","FM_05","scGPT"
935,"gene932","932","MS4A3","FM_12","scGPT"
936,"gene55313","55313","CPPED1","FM_16","scGPT"
937,"gene114882","114882","OSBPL8","FM_01","scGPT"
938,"gene55701","55701","ARHGEF40","FM_02","scGPT"
939,"gene610","610","HCN2","FM_17","scGPT"
940,"gene8863","8863","PER3","FM_01","scGPT"
941,"gene3109","3109","HLA-DMB","FM_14","scGPT"
942,"gene8313","8313","AXIN2","FM_02","scGPT"
943,"gene83858","83858","ATAD3B","FM_02","scGPT"
944,"gene11240","11240","PADI2","FM_02","scGPT"
945,"gene1795","1795","DOCK3","FM_01","scGPT"
946,"gene151306","151306","GPBAR1","FM_13","scGPT"
947,"gene6132","6132","RPL8","FM_05","scGPT"
948,"gene1514","1514","CTSL","FM_15","scGPT"
949,"gene63891","63891","RNF123","FM_03","scGPT"
950,"gene4172","4172","MCM3","FM_06","scGPT"
951,"gene79143","79143","MBOAT7","FM_13","scGPT"
952,"gene64772","64772","ENGASE","FM_02","scGPT"
953,"gene25804","25804","LSM4","FM_06","scGPT"
954,"gene29802","29802","VPREB3","FM_14","scGPT"
955,"gene7433","7433","VIPR1","FM_03","scGPT"
956,"gene1508","1508","CTSB","FM_15","scGPT"
957,"gene1901","1901","S1PR1","FM_09","scGPT"
958,"gene23530","23530","NNT","FM_01","scGPT"
959,"gene79646","79646","PANK3","FM_19","scGPT"
960,"gene89849","89849","ATG16L2","FM_13","scGPT"
961,"gene7710","7710","ZNF154","FM_02","scGPT"
962,"gene7027","7027","TFDP1","FM_06","scGPT"
963,"gene2643","2643","GCH1","FM_09","scGPT"
964,"gene200315","200315","APOBEC3A","FM_09","scGPT"
965,"gene143884","143884","CWF19L2","FM_01","scGPT"
966,"gene2948","2948","GSTM4","FM_02","scGPT"
967,"gene9188","9188","DDX21","FM_06","scGPT"
968,"gene4343","4343","MOV10","FM_02","scGPT"
969,"gene219855","219855","SLC37A2","FM_13","scGPT"
970,"gene1234","1234","CCR5","FM_13","scGPT"
971,"gene51251","51251","NT5C3A","FM_08","scGPT"
972,"gene3727","3727","JUND","FM_07","scGPT"
973,"gene57449","57449","PLEKHG5","FM_03","scGPT"
974,"gene7423","7423","VEGFB","FM_17","scGPT"
975,"gene2026","2026","ENO2","FM_18","scGPT"
976,"gene79414","79414","LRFN3","FM_02","scGPT"
977,"gene120227","120227","CYP2R1","FM_02","scGPT"
978,"gene975","975","CD81","FM_07","scGPT"
979,"gene9349","9349","RPL23","FM_05","scGPT"
980,"gene84868","84868","HAVCR2","FM_15","scGPT"
981,"gene23461","23461","ABCA5","FM_01","scGPT"
982,"gene6122","6122","RPL3","FM_05","scGPT"
983,"gene1435","1435","CSF1","FM_09","scGPT"
984,"gene84418","84418","CYSTM1","FM_11","scGPT"
985,"gene79930","79930","DOK3","FM_13","scGPT"
986,"gene27336","27336","HTATSF1","FM_06","scGPT"
987,"gene2833","2833","CXCR3","FM_04","scGPT"
988,"gene338596","338596","ST8SIA6","FM_17","scGPT"
989,"gene53822","53822","FXYD7","FM_03","scGPT"
990,"gene51332","51332","SPTBN5","FM_02","scGPT"
991,"gene56034","56034","PDGFC","FM_01","scGPT"
992,"gene873","873","CBR1","FM_06","scGPT"
993,"gene9260","9260","PDLIM7","FM_11","scGPT"
994,"gene26049","26049","FAM169A","FM_01","scGPT"
995,"gene433","433","ASGR2","FM_16","scGPT"
996,"gene120892","120892","LRRK2","FM_03","scGPT"
997,"gene3687","3687","ITGAX","FM_13","scGPT"
998,"gene219","219","ALDH1B1","FM_02","scGPT"
999,"gene55252","55252","ASXL2","FM_03","scGPT"
1000,"gene521","521","ATP5ME","FM_10","scGPT"
