"position","row_id","entrez_id","symbol","scgpt_symbol","reactome_pathways","baseline_mean","pre_change_sd","change_excess","between_subject_sd"
1,"gene246","246","ALOX15","ALOX15",21,6.857,0.6059,1.556,1.2784
2,"gene212","212","ALAS2","ALAS2",3,9.162,0.6316,1.499,1.0745
3,"gene1374","1374","CPT1A","CPT1A",10,6.093,0.5926,1.4893,0.3981
4,"gene2289","2289","FKBP5","FKBP5",15,7.891,0.5752,1.4711,0.3685
5,"gene3512","3512","JCHAIN","JCHAIN",5,5.264,0.5939,1.3789,0.7881
6,"gene54541","54541","DDIT4","DDIT4",5,7.715,0.5156,1.375,0.3864
7,"gene5187","5187","PER1","PER1",7,7.332,0.5007,1.3658,0.2837
8,"gene3848","3848","KRT1","KRT1",9,5.045,0.5964,1.3442,1.1539
9,"gene6521","6521","SLC4A1","SLC4A1",11,9.229,0.5417,1.3409,0.9496
10,"gene6535","6535","SLC6A8","SLC6A8",3,6.069,0.4791,1.2746,0.8408
11,"gene27181","27181","SIGLEC8","SIGLEC8",3,4.591,0.6003,1.2598,0.9183
12,"gene6622","6622","SNCA","SNCA",7,8.064,0.4669,1.2531,0.8085
13,"gene55437","55437","STRADB","STRADB",3,7.239,0.4456,1.2485,0.8518
14,"gene759","759","CA1","CA1",12,4.864,0.5529,1.2345,1.0695
15,"gene6710","6710","SPTB","SPTB",24,6.136,0.4558,1.2306,0.845
16,"gene343171","343171","OR2W3","OR2W3",5,5.186,0.4989,1.1912,1.1772
17,"gene4940","4940","OAS3","OAS3",7,5.901,0.4455,1.1839,0.7817
18,"gene5266","5266","PI3","PI3",6,4.922,0.5169,1.1784,0.9169
19,"gene4635","4635","MYL4","MYL4",2,4.876,0.5029,1.1419,0.7622
20,"gene2766","2766","GMPR","GMPR",8,5.755,0.4311,1.134,0.7364
21,"gene286","286","ANK1","ANK1",22,6.534,0.3998,1.1268,0.6655
22,"gene55512","55512","SMPD3","SMPD3",9,6.181,0.409,1.1257,0.623
23,"gene7111","7111","TMOD1","TMOD1",2,4.967,0.4756,1.1035,0.8263
24,"gene1844","1844","DUSP2","DUSP2",6,5.258,0.4453,1.0898,0.5545
25,"gene4057","4057","LTF","LTF",13,5.178,0.4511,1.0892,1.3528
26,"gene10417","10417","SPON2","SPON2",9,7.836,0.3871,1.0791,0.6407
27,"gene249","249","ALPL","ALPL",3,6.527,0.3802,1.0763,0.5476
28,"gene83888","83888","FGFBP2","FGFBP2",6,7.305,0.3734,1.0725,0.72
29,"gene7704","7704","ZBTB16","ZBTB16",7,4.151,0.5492,1.0703,0.4286
30,"gene3568","3568","IL5RA","IL5RA",10,5.073,0.4505,1.0689,0.6938
31,"gene7057","7057","THBS1","THBS1",26,5.662,0.4062,1.0615,0.6981
32,"gene2995","2995","GYPC","GYPC",2,9.728,0.4247,1.059,0.654
33,"gene4599","4599","MX1","MX1",6,5.879,0.3939,1.0586,0.856
34,"gene4811","4811","NID1","NID1",6,5.617,0.4032,1.0478,0.4985
35,"gene4318","4318","MMP9","MMP9",31,4.911,0.4535,1.0453,0.6344
36,"gene5166","5166","PDK4","PDK4",14,2.499,0.8412,1.0436,0.6748
37,"gene2039","2039","DMTN","DMTN",2,9.188,0.4009,1.0426,0.7089
38,"gene51218","51218","GLRX5","GLRX5",2,6.381,0.3708,1.0425,0.6683
39,"gene8660","8660","IRS2","IRS2",58,6.362,0.3679,1.0331,0.2922
40,"gene598","598","BCL2L1","BCL2L1",34,9.198,0.3925,1.0207,0.7196
41,"gene2987","2987","GUK1","GUK1",5,8.405,0.3746,1.0199,0.5535
42,"gene11126","11126","CD160","CD160",3,5.578,0.3931,1.0167,0.6398
43,"gene645","645","BLVRB","BLVRB",7,6.621,0.3544,1.0101,0.5137
44,"gene4541","4541","MT-ND6","MT-ND6",10,6.718,0.351,1.0046,0.3504
45,"gene3437","3437","IFIT3","IFIT3",4,5.311,0.4037,1.0005,0.7401
46,"gene3127","3127","HLA-DRB5","HLA-DRB5",13,4.804,0.4425,0.9997,2.3051
47,"gene2537","2537","IFI6","IFI6",5,4.917,0.4303,0.9939,0.8396
48,"gene51348","51348","KLRF1","KLRF1",3,4.892,0.4296,0.9876,0.586
49,"gene3119","3119","HLA-DQB1","HLA-DQB1",13,4.115,0.5047,0.9773,3.8696
50,"gene140","140","ADORA3","ADORA3",8,3.889,0.5304,0.9709,0.6406
51,"gene4784","4784","NFIX","NFIX",4,5.588,0.3745,0.9698,0.6556
52,"gene2999","2999","GZMH","GZMH",4,6.929,0.3366,0.9688,0.9311
53,"gene11251","11251","PTGDR2","PTGDR2",8,5.639,0.3684,0.9605,0.6112
54,"gene53637","53637","S1PR5","S1PR5",7,6.891,0.3333,0.9589,0.534
55,"gene4939","4939","OAS2","OAS2",12,7.011,0.3329,0.9576,0.5313
56,"gene1843","1843","DUSP1","DUSP1",6,7.75,0.3396,0.9548,0.3034
57,"gene1052","1052","CEBPD","CEBPD",12,7.397,0.3309,0.9504,0.2742
58,"gene573","573","BAG1","BAG1",4,8.384,0.3488,0.9497,0.562
59,"gene81567","81567","TXNDC5","TXNDC5",8,6.041,0.346,0.9462,0.3908
60,"gene669","669","BPGM","BPGM",4,5.6,0.3639,0.9427,0.6289
61,"gene788","788","SLC25A20","SLC25A20",4,4.434,0.4484,0.9336,0.335
62,"gene115362","115362","GBP5","GBP5",6,7.051,0.3225,0.9255,0.5307
63,"gene5909","5909","RAP1GAP","RAP1GAP",7,2.041,0.8508,0.9234,1.8338
64,"gene3824","3824","KLRD1","KLRD1",10,7.072,0.3217,0.9228,0.4872
65,"gene91543","91543","RSAD2","RSAD2",4,3.173,0.6152,0.9216,1.206
66,"gene3434","3434","IFIT1","IFIT1",6,3.716,0.5198,0.9051,1.0767
67,"gene4061","4061","LY6E","LY6E",8,5.603,0.3503,0.905,0.5209
68,"gene7097","7097","TLR2","TLR2",33,6.978,0.3158,0.905,0.2446
69,"gene83715","83715","ESPN","ESPN",4,4.466,0.4321,0.904,1.0949
70,"gene9636","9636","ISG15","ISG15",26,4.013,0.4808,0.9038,0.8238
71,"gene2235","2235","FECH","FECH",5,5.995,0.3301,0.8944,0.6112
72,"gene10316","10316","NMUR1","NMUR1",8,5.447,0.3545,0.8932,0.5719
73,"gene2633","2633","GBP1","GBP1",18,5.592,0.3465,0.8925,0.5008
74,"gene1668","1668","DEFA3","DEFA3",5,3.663,0.516,0.8836,2.2329
75,"gene3433","3433","IFIT2","IFIT2",4,6.342,0.3166,0.8815,0.5503
76,"gene10644","10644","IGF2BP2","IGF2BP2",2,5.831,0.3308,0.8784,0.5709
77,"gene687","687","KLF9","KLF9",9,5.846,0.3295,0.8763,0.1853
78,"gene3949","3949","LDLR","LDLR",19,5.376,0.3521,0.8747,0.3325
79,"gene3029","3029","HAGH","HAGH",3,6.693,0.3074,0.8709,0.5553
80,"gene11098","11098","PRSS23","PRSS23",4,4.95,0.377,0.868,0.6684
81,"gene10098","10098","TSPAN5","TSPAN5",2,5.449,0.3423,0.8585,0.5486
82,"gene54739","54739","XAF1","XAF1",4,5.972,0.3192,0.8581,0.5383
83,"gene3958","3958","LGALS3","LGALS3",13,6.676,0.303,0.8556,0.5204
84,"gene2322","2322","FLT3","FLT3",54,3.297,0.5548,0.8532,0.4568
85,"gene60675","60675","PROK2","PROK2",7,4.455,0.4111,0.8515,0.493
86,"gene7280","7280","TUBB2A","TUBB2A",103,3.36,0.5434,0.8506,1.7433
87,"gene117157","117157","SH2D1B","SH2D1B",3,5.345,0.342,0.8404,0.6074
88,"gene6772","6772","STAT1","STAT1",82,7.01,0.2952,0.8373,0.3861
89,"gene27087","27087","B3GAT1","B3GAT1",4,4.547,0.397,0.8372,1.0834
90,"gene4684","4684","NCAM1","NCAM1",22,5.053,0.3554,0.8281,0.5708
91,"gene5551","5551","PRF1","PRF1",5,9.776,0.3368,0.823,0.4819
92,"gene23770","23770","FKBP8","FKBP8",4,11.215,0.3841,0.8197,0.5961
93,"gene6563","6563","SLC14A1","SLC14A1",3,4.831,0.3667,0.8173,0.6191
94,"gene6170","6170","RPL39","RPL39",46,6.659,0.29,0.811,0.1814
95,"gene122618","122618","PLD4","PLD4",12,5.947,0.3047,0.8091,0.3275
96,"gene27090","27090","ST6GALNAC4","ST6GALNAC4",28,5.53,0.3206,0.8056,0.4699
97,"gene84525","84525","HOPX","HOPX",4,5.509,0.3191,0.798,0.4148
98,"gene1718","1718","DHCR24","DHCR24",7,4.689,0.3684,0.7927,0.4561
99,"gene6351","6351","CCL4","CCL4",12,4.515,0.3822,0.7923,0.5262
100,"gene6189","6189","RPS3A","RPS3A",54,8.63,0.3015,0.7921,0.2094
101,"gene4938","4938","OAS1","OAS1",7,5.501,0.3171,0.7904,0.5749
102,"gene25793","25793","FBXO7","FBXO7",7,9.757,0.3252,0.7896,0.6236
103,"gene9902","9902","MRC2","MRC2",10,4.432,0.3883,0.7892,0.6634
104,"gene6614","6614","SIGLEC1","SIGLEC1",3,3.192,0.536,0.7891,0.975
105,"gene665","665","BNIP3L","BNIP3L",6,7.692,0.2863,0.7885,0.3983
106,"gene8651","8651","SOCS1","SOCS1",33,4.012,0.4276,0.7863,0.3266
107,"gene9415","9415","FADS2","FADS2",11,5.033,0.3419,0.7858,0.9735
108,"gene115361","115361","GBP4","GBP4",14,5.88,0.2993,0.7839,0.3836
109,"gene10964","10964","IFI44L","IFI44L",4,3.071,0.5506,0.7819,1.1039
110,"gene9734","9734","HDAC9","HDAC9",15,4.838,0.3531,0.7809,0.3633
111,"gene10410","10410","IFITM3","IFITM3",4,6.813,0.2793,0.7807,1.0843
112,"gene2935","2935","GSPT1","GSPT1",15,8.374,0.2939,0.7789,0.5128
113,"gene10808","10808","HSPH1","HSPH1",10,6.137,0.2896,0.7772,0.2397
114,"gene162466","162466","PHOSPHO1","PHOSPHO1",6,7.606,0.2812,0.7767,0.4444
115,"gene51094","51094","ADIPOR1","ADIPOR1",3,9.444,0.3128,0.7757,0.5681
116,"gene10561","10561","IFI44","IFI44",4,3.804,0.4453,0.774,0.789
117,"gene25941","25941","TPGS2","TPGS2",3,5.825,0.2968,0.7694,0.4277
118,"gene1299","1299","COL9A3","COL9A3",18,2.685,0.606,0.7683,1.4917
119,"gene9332","9332","CD163","CD163",10,6.04,0.2896,0.7683,0.372
120,"gene7049","7049","TGFBR3","TGFBR3",21,5.846,0.2957,0.7679,0.4229
121,"gene4603","4603","MYBL1","MYBL1",3,5.512,0.3094,0.7674,0.4034
122,"gene30009","30009","TBX21","TBX21",6,7.208,0.2753,0.7668,0.4627
123,"gene51759","51759","C9orf78","C9orf78",4,8.781,0.2953,0.7631,0.5695
124,"gene7088","7088","TLE1","TLE1",23,4.556,0.3676,0.762,0.2925
125,"gene8843","8843","HCAR3","HCAR3",7,5.081,0.3307,0.7612,0.4492
126,"gene84164","84164","ASCC2","ASCC2",8,8.253,0.2873,0.7609,0.5126
127,"gene255488","255488","RNF144B","RNF144B",4,6.023,0.288,0.7608,0.2494
128,"gene1462","1462","VCAN","VCAN",24,8.986,0.2981,0.7601,0.3657
129,"gene9047","9047","SH2D2A","SH2D2A",4,5.693,0.2988,0.7588,0.3711
130,"gene10133","10133","OPTN","OPTN",31,8.028,0.2832,0.7547,0.4334
131,"gene997","997","CDC34","CDC34",15,6.853,0.2695,0.7457,0.4676
132,"gene7314","7314","UBB","UBB",473,10.079,0.3192,0.7431,0.5529
133,"gene5159","5159","PDGFRB","PDGFRB",15,3.627,0.4519,0.741,0.839
134,"gene51191","51191","HERC5","HERC5",18,3.754,0.4356,0.7387,0.7965
135,"gene26053","26053","AUTS2","AUTS2",5,5.126,0.3199,0.736,0.4628
136,"gene11213","11213","IRAK3","IRAK3",12,6.113,0.2781,0.7346,0.2584
137,"gene4753","4753","NELL2","NELL2",5,6.72,0.2674,0.7328,0.4796
138,"gene241","241","ALOX5AP","ALOX5AP",8,6.396,0.2713,0.7312,0.2903
139,"gene8818","8818","DPM2","DPM2",20,5.279,0.31,0.7312,0.518
140,"gene5730","5730","PTGDS","PTGDS",7,5.249,0.3107,0.7284,0.7878
141,"gene4897","4897","NRCAM","NRCAM",11,2.669,0.5836,0.7261,1.2617
142,"gene266727","266727","MDGA1","MDGA1",3,2.623,0.5896,0.7233,2.5217
143,"gene8644","8644","AKR1C3","AKR1C3",20,3.916,0.4103,0.7213,0.6593
144,"gene139189","139189","DGKK","DGKK",7,2.558,0.5973,0.7179,1.2892
145,"gene10398","10398","MYL9","MYL9",28,4.865,0.3295,0.7171,0.9139
146,"gene94240","94240","EPSTI1","EPSTI1",5,4.21,0.3799,0.716,0.7474
147,"gene8131","8131","NPRL3","NPRL3",4,7.601,0.2642,0.7148,0.5685
148,"gene2354","2354","FOSB","FOSB",21,2.756,0.5629,0.7146,0.5424
149,"gene54625","54625","PARP14","PARP14",19,7.462,0.2619,0.7142,0.3835
150,"gene26253","26253","CLEC4E","CLEC4E",8,5.265,0.3052,0.7132,0.2762
151,"gene166929","166929","SGMS2","SGMS2",4,3.416,0.465,0.7108,0.4295
152,"gene9619","9619","ABCG1","ABCG1",10,4.83,0.3274,0.7038,0.4666
153,"gene10409","10409","BASP1","BASP1",5,6.879,0.2582,0.7034,0.3067
154,"gene2623","2623","GATA1","GATA1",8,4.768,0.3307,0.7013,0.5629
155,"gene948","948","CD36","CD36",50,6.327,0.2643,0.6996,0.4843
156,"gene3597","3597","IL13RA1","IL13RA1",4,6.914,0.2565,0.6971,0.2148
157,"gene5802","5802","PTPRS","PTPRS",10,4.752,0.33,0.6959,0.4726
158,"gene23569","23569","PADI4","PADI4",2,5.647,0.2821,0.6948,0.3884
159,"gene1831","1831","TSC22D3","TSC22D3",3,9.633,0.2918,0.6916,0.2361
160,"gene10578","10578","GNLY","GNLY",3,9.314,0.2844,0.6904,0.62
161,"gene1088","1088","CEACAM8","CEACAM8",7,2.367,0.6128,0.689,1.5561
162,"gene7453","7453","WARS1","WARS1",4,6.726,0.2557,0.6884,0.3794
163,"gene3992","3992","FADS1","FADS1",8,4.048,0.3838,0.6871,0.3974
164,"gene6279","6279","S100A8","S100A8",26,8.421,0.2686,0.6867,0.2731
165,"gene6768","6768","ST14","ST14",6,4.667,0.3322,0.6845,0.429
166,"gene147700","147700","KLC3","KLC3",16,2.454,0.5944,0.6833,0.9407
167,"gene2867","2867","FFAR2","FFAR2",7,6.477,0.2567,0.6811,0.2813
168,"gene9021","9021","SOCS3","SOCS3",37,4.55,0.3391,0.6799,0.4372
169,"gene6210","6210","RPS15A","RPS15A",54,7.935,0.261,0.678,0.1789
170,"gene3674","3674","ITGA2B","ITGA2B",36,6.61,0.2541,0.6767,0.7506
171,"gene83547","83547","RILP","RILP",3,4.487,0.3417,0.674,0.5312
172,"gene729230","729230","CCR2","CCR2",16,6.271,0.2582,0.6723,0.2609
173,"gene5473","5473","PPBP","PPBP",15,6.499,0.2542,0.6722,0.6361
174,"gene3988","3988","LIPA","LIPA",4,6.217,0.2586,0.67,0.3845
175,"gene7504","7504","XK","XK",5,3.887,0.3925,0.6693,0.6251
176,"gene3985","3985","LIMK2","LIMK2",13,6.364,0.2556,0.6693,0.2602
177,"gene19","19","ABCA1","ABCA1",16,4.154,0.3669,0.668,0.5403
178,"gene10498","10498","CARM1","CARM1",41,6.683,0.2507,0.6667,0.4288
179,"gene51465","51465","UBE2J1","UBE2J1",4,6.433,0.2532,0.6644,0.2447
180,"gene2064","2064","ERBB2","ERBB2",63,5.267,0.2897,0.6614,0.4984
181,"gene3690","3690","ITGB3","ITGB3",54,6.358,0.2537,0.6613,0.6888
182,"gene1066","1066","CES1","CES1",11,3.989,0.379,0.66,1.0586
183,"gene342510","342510","CD300E","CD300E",5,7.056,0.2462,0.6556,0.3279
184,"gene2876","2876","GPX1","GPX1",15,8.405,0.2601,0.6553,0.3469
185,"gene5029","5029","P2RY2","P2RY2",18,4.7,0.32,0.6541,0.405
186,"gene1236","1236","CCR7","CCR7",8,8.106,0.2567,0.6535,0.4974
187,"gene59269","59269","HIVEP3","HIVEP3",5,6.443,0.2493,0.6496,0.3161
188,"gene222487","222487","ADGRG3","ADGRG3",3,5.006,0.2997,0.649,0.3378
189,"gene5037","5037","PEBP1","PEBP1",15,6.369,0.2497,0.6463,0.1685
190,"gene4051","4051","CYP4F3","CYP4F3",11,5.35,0.2811,0.6452,0.3925
191,"gene23166","23166","STAB1","STAB1",3,6.782,0.2441,0.645,0.3909
192,"gene3956","3956","LGALS1","LGALS1",4,6.717,0.2446,0.6435,0.346
193,"gene27244","27244","SESN1","SESN1",11,5.645,0.2679,0.6428,0.2513
194,"gene4066","4066","LYL1","LYL1",6,6.839,0.2429,0.6417,0.3852
195,"gene6283","6283","S100A12","S100A12",30,5.065,0.294,0.6406,0.4334
196,"gene604","604","BCL6","BCL6",12,7.186,0.2427,0.6406,0.2877
197,"gene3553","3553","IL1B","IL1B",24,5.003,0.2973,0.6404,0.3628
198,"gene9148","9148","NEURL1","NEURL1",17,3.878,0.382,0.6399,0.4965
199,"gene1240","1240","CMKLR1","CMKLR1",4,5.516,0.2717,0.6379,0.5226
200,"gene2180","2180","ACSL1","ACSL1",16,7.317,0.2417,0.6376,0.2981
201,"gene8972","8972","MGAM","MGAM",6,5.978,0.2555,0.6361,0.3669
202,"gene1808","1808","DPYSL2","DPYSL2",7,6.404,0.2462,0.6348,0.2941
203,"gene2353","2353","FOS","FOS",64,6.128,0.2508,0.6326,0.3281
204,"gene1521","1521","CTSW","CTSW",4,8.463,0.2549,0.6325,0.4695
205,"gene5920","5920","PLAAT4","PLAAT4",5,5.881,0.2572,0.6325,0.1988
206,"gene6319","6319","SCD","SCD",17,3.6,0.4083,0.6323,0.4025
207,"gene973","973","CD79A","CD79A",14,6.723,0.2413,0.6305,0.52
208,"gene9256","9256","TSPOAP1","TSPOAP1",13,6.988,0.2397,0.6292,0.404
209,"gene4609","4609","MYC","MYC",71,6.954,0.239,0.6263,0.2623
210,"gene4145","4145","MATK","MATK",4,7.066,0.2391,0.626,0.3359
211,"gene10346","10346","TRIM22","TRIM22",4,7.084,0.239,0.6255,0.3292
212,"gene3117","3117","HLA-DQA1","HLA-DQA1",13,4,0.3644,0.6235,2.3681
213,"gene3934","3934","LCN2","LCN2",12,3.839,0.3796,0.6234,0.9965
214,"gene23608","23608","MKRN1","MKRN1",10,8.854,0.2579,0.6232,0.4396
215,"gene9435","9435","CHST2","CHST2",5,6.197,0.247,0.6225,0.4144
216,"gene1545","1545","CYP1B1","CYP1B1",14,4.432,0.3286,0.6222,0.4634
217,"gene92745","92745","SLC38A5","SLC38A5",4,5.365,0.2739,0.6217,0.5732
218,"gene2205","2205","FCER1A","FCER1A",12,5.606,0.2633,0.6197,0.4461
219,"gene6133","6133","RPL9","RPL9",46,8.901,0.2573,0.618,0.2483
220,"gene4035","4035","LRP1","LRP1",9,8.676,0.2539,0.618,0.2879
221,"gene56994","56994","CHPT1","CHPT1",5,4.977,0.2918,0.6169,0.4572
222,"gene338442","338442","HCAR2","HCAR2",7,4.808,0.3011,0.6157,0.4008
223,"gene1053","1053","CEBPE","CEBPE",2,3.428,0.4205,0.6139,0.5944
224,"gene5204","5204","PFDN5","PFDN5",5,7.48,0.237,0.6135,0.2015
225,"gene93010","93010","B3GNT7","B3GNT7",9,2.723,0.5132,0.6127,0.5439
226,"gene3759","3759","KCNJ2","KCNJ2",18,4.816,0.2992,0.611,0.3129
227,"gene9510","9510","ADAMTS1","ADAMTS1",11,3.92,0.3668,0.6101,0.6536
228,"gene3113","3113","HLA-DPA1","HLA-DPA1",13,7.267,0.2348,0.6083,0.3118
229,"gene10905","10905","MAN1A2","MAN1A2",10,5.985,0.248,0.607,0.2999
230,"gene3315","3315","HSPB1","HSPB1",12,5.852,0.2514,0.6065,0.2333
231,"gene6193","6193","RPS5","RPS5",54,8.256,0.246,0.6058,0.2263
232,"gene7001","7001","PRDX2","PRDX2",14,6.407,0.239,0.6051,0.3334
233,"gene10602","10602","CDC42EP3","CDC42EP3",8,6.649,0.2357,0.6033,0.2216
234,"gene6285","6285","S100B","S100B",33,2.373,0.5611,0.6024,1.5557
235,"gene196","196","AHR","AHR",10,5.47,0.264,0.6021,0.2887
236,"gene1524","1524","CX3CR1","CX3CR1",14,8.66,0.2497,0.6018,0.4091
237,"gene9588","9588","PRDX6","PRDX6",7,6.902,0.2331,0.6011,0.4252
238,"gene4311","4311","MME","MME",14,5.586,0.2591,0.6009,0.3776
239,"gene55831","55831","EMC3","EMC3",5,6.054,0.2444,0.6001,0.3246
240,"gene9935","9935","MAFB","MAFB",3,5.196,0.2755,0.599,0.3354
241,"gene2015","2015","ADGRE1","ADGRE1",4,5.982,0.2449,0.5945,0.481
242,"gene10435","10435","CDC42EP2","CDC42EP2",8,5.12,0.2773,0.5923,0.2825
243,"gene2030","2030","SLC29A1","SLC29A1",7,4.705,0.3004,0.5921,0.6248
244,"gene4012","4012","LNPEP","LNPEP",9,5.761,0.2503,0.5911,0.2283
245,"gene3162","3162","HMOX1","HMOX1",37,5.92,0.2454,0.5897,0.3073
246,"gene51312","51312","SLC25A37","SLC25A37",2,10.394,0.2808,0.586,0.5341
247,"gene2091","2091","FBL","FBL",8,7.121,0.2298,0.586,0.1777
248,"gene5196","5196","PF4","PF4",20,5.772,0.2484,0.5849,0.5331
249,"gene3820","3820","KLRB1","KLRB1",3,5.784,0.248,0.5848,0.4252
250,"gene23129","23129","PLXND1","PLXND1",13,7.125,0.2293,0.5837,0.2728
251,"gene59283","59283","CACNG8","CACNG8",11,3.154,0.4406,0.5823,0.7153
252,"gene84034","84034","EMILIN2","EMILIN2",6,6.648,0.2308,0.5822,0.2717
253,"gene6231","6231","RPS26","RPS26",54,7.363,0.2286,0.5816,1.2938
254,"gene6235","6235","RPS29","RPS29",54,7.963,0.2373,0.5809,0.1797
255,"gene90480","90480","GADD45GIP1","GADD45GIP1",11,4.771,0.2921,0.5777,0.1824
256,"gene64407","64407","RGS18","RGS18",9,6.22,0.2357,0.5774,0.2858
257,"gene5144","5144","PDE4D","PDE4D",15,4.337,0.3212,0.5773,0.3494
258,"gene84333","84333","PCGF5","PCGF5",5,6.917,0.2272,0.576,0.4163
259,"gene203","203","AK1","AK1",3,5.06,0.2756,0.5749,0.4683
260,"gene3560","3560","IL2RB","IL2RB",17,9.007,0.2479,0.5742,0.3878
261,"gene5866","5866","RAB3IL1","RAB3IL1",4,2.097,0.59,0.5737,0.8726
262,"gene925","925","CD8A","CD8A",3,7.487,0.2275,0.5723,0.5427
263,"gene939","939","CD27","CD27",4,6.741,0.2274,0.5719,0.3414
264,"gene1028","1028","CDKN1C","CDKN1C",10,3.173,0.4335,0.5716,0.6016
265,"gene11224","11224","RPL35","RPL35",46,7.805,0.2316,0.5678,0.1745
266,"gene7850","7850","IL1R2","IL1R2",6,4.873,0.2828,0.5659,0.2707
267,"gene54438","54438","GFOD1","GFOD1",5,5.438,0.2558,0.5657,0.3257
268,"gene7045","7045","TGFBI","TGFBI",2,7.148,0.2251,0.5651,0.3651
269,"gene83716","83716","CRISPLD2","CRISPLD2",3,5.056,0.2729,0.5646,0.3596
270,"gene5729","5729","PTGDR","PTGDR",8,4.665,0.2943,0.563,0.4335
271,"gene2791","2791","GNG11","GNG11",87,4.449,0.3081,0.5617,0.5228
272,"gene2812","2812","GP1BB","GP1BB",15,6.561,0.2269,0.5616,0.5405
273,"gene3067","3067","HDC","HDC",3,4.279,0.3202,0.5609,0.5842
274,"gene1595","1595","CYP51A1","CYP51A1",15,3.905,0.3504,0.5607,0.2311
275,"gene54543","54543","TOMM7","TOMM7",7,7.137,0.2236,0.5587,0.2366
276,"gene116844","116844","LRG1","LRG1",3,5.035,0.2722,0.5579,0.2739
277,"gene7264","7264","GFUS","GFUS",6,5.58,0.2484,0.5578,0.3967
278,"gene83666","83666","PARP9","PARP9",19,6.157,0.2322,0.5578,0.3387
279,"gene6222","6222","RPS18","RPS18",54,9.488,0.2518,0.5556,0.2701
280,"gene9491","9491","PSMF1","PSMF1",3,7.803,0.2287,0.555,0.3458
281,"gene596","596","BCL2","BCL2",30,7.229,0.2227,0.5548,0.2301
282,"gene6234","6234","RPS28","RPS28",54,8.937,0.2419,0.5544,0.204
283,"gene2288","2288","FKBP4","FKBP4",15,5.302,0.2587,0.554,0.2121
284,"gene6590","6590","SLPI","SLPI",9,2.619,0.4983,0.554,0.8442
285,"gene896","896","CCND3","CCND3",22,8.708,0.2386,0.5538,0.1482
286,"gene3792","3792","KEL","KEL",5,2.219,0.5584,0.5536,0.7461
287,"gene259197","259197","NCR3","NCR3",3,3.829,0.3548,0.5534,0.4582
288,"gene401258","401258","RAB44","RAB44",6,4.918,0.2769,0.5534,0.4924
289,"gene6208","6208","RPS14","RPS14",58,8.891,0.2402,0.5497,0.2097
290,"gene8685","8685","MARCO","MARCO",6,3.48,0.3883,0.5491,0.9485
291,"gene131870","131870","NUDT16","NUDT16",5,6.113,0.2306,0.5473,0.1977
292,"gene8807","8807","IL18RAP","IL18RAP",5,5.701,0.2414,0.5467,0.4367
293,"gene27343","27343","POLL","POLL",3,5.904,0.2354,0.5465,0.3917
294,"gene8671","8671","SLC4A4","SLC4A4",12,2.204,0.557,0.5464,0.4934
295,"gene100133941","100133941","CD24","CD24",10,4.066,0.3319,0.5463,0.5563
296,"gene9997","9997","SCO2","SCO2",9,6.2,0.2287,0.5456,0.3296
297,"gene6510","6510","SLC1A5","SLC1A5",13,6.324,0.2265,0.5449,0.3226
298,"gene6708","6708","SPTA1","SPTA1",24,2.798,0.4685,0.5429,0.5805
299,"gene8911","8911","CACNA1I","CACNA1I",7,5.648,0.2422,0.5424,0.5153
300,"gene57823","57823","SLAMF7","SLAMF7",3,6.671,0.2214,0.5418,0.3923
301,"gene9976","9976","CLEC2B","CLEC2B",3,4.597,0.2922,0.5413,0.2899
302,"gene6678","6678","SPARC","SPARC",13,7.313,0.2194,0.5409,0.5059
303,"gene6223","6223","RPS19","RPS19",54,9.046,0.2403,0.5406,0.1803
304,"gene1191","1191","CLU","CLU",16,6.982,0.2193,0.5401,0.6302
305,"gene23365","23365","ARHGEF12","ARHGEF12",21,6.284,0.2259,0.5397,0.4136
306,"gene6726","6726","SRP9","SRP9",6,4.569,0.2933,0.5393,0.237
307,"gene3122","3122","HLA-DRA","HLA-DRA",13,7.586,0.2212,0.5382,0.3383
308,"gene926","926","CD8B","CD8B",11,5.941,0.2321,0.5363,0.5694
309,"gene6633","6633","SNRPD2","SNRPD2",18,5.807,0.2353,0.5351,0.1574
310,"gene81027","81027","TUBB1","TUBB1",103,8.039,0.2274,0.5347,0.4619
311,"gene6773","6773","STAT2","STAT2",26,7.013,0.2181,0.5347,0.3156
312,"gene6281","6281","S100A10","S100A10",2,7.129,0.2182,0.5343,0.256
313,"gene5997","5997","RGS2","RGS2",4,7.838,0.2245,0.5341,0.2668
314,"gene7226","7226","TRPM2","TRPM2",7,4.92,0.2711,0.5325,0.3974
315,"gene129685","129685","TAF8","TAF8",24,6.068,0.2279,0.5314,0.1267
316,"gene8460","8460","TPST1","TPST1",12,2.183,0.5513,0.5303,0.5528
317,"gene4082","4082","MARCKS","MARCKS",4,6.073,0.2275,0.53,0.298
318,"gene80097","80097","MZT2B","MZT2B",9,6.305,0.2232,0.529,0.1997
319,"gene22934","22934","RPIA","RPIA",9,5.664,0.2382,0.5283,0.3393
320,"gene4354","4354","MPP1","MPP1",3,7.128,0.2166,0.5269,0.3704
321,"gene388","388","RHOB","RHOB",35,5.777,0.234,0.5257,0.2315
322,"gene9246","9246","UBE2L6","UBE2L6",28,6.005,0.2276,0.5236,0.3206
323,"gene7852","7852","CXCR4","CXCR4",26,8.404,0.2279,0.5232,0.2007
324,"gene80310","80310","PDGFD","PDGFD",3,3.181,0.4118,0.5223,0.5413
325,"gene10622","10622","POLR3G","POLR3G",18,2.167,0.5494,0.5222,0.4005
326,"gene10135","10135","NAMPT","NAMPT",11,8.653,0.2301,0.5208,0.2875
327,"gene4778","4778","NFE2","NFE2",9,6.979,0.215,0.5206,0.2424
328,"gene160364","160364","CLEC12A","CLEC12A",3,5.735,0.2341,0.5205,0.9701
329,"gene1912","1912","PHC2","PHC2",32,7.089,0.2149,0.5194,0.1731
330,"gene10663","10663","CXCR6","CXCR6",8,3.45,0.3801,0.5192,0.6223
331,"gene9437","9437","NCR1","NCR1",3,3.521,0.3724,0.5186,0.5484
332,"gene84649","84649","DGAT2","DGAT2",13,5.712,0.2343,0.5185,0.2372
333,"gene2624","2624","GATA2","GATA2",9,5.684,0.2348,0.5167,0.4694
334,"gene3326","3326","HSP90AB1","HSP90AB1",63,8.865,0.2319,0.5165,0.1796
335,"gene5079","5079","PAX5","PAX5",5,5.93,0.2276,0.5155,0.5281
336,"gene5208","5208","PFKFB2","PFKFB2",5,3.925,0.333,0.5148,0.2288
337,"gene353189","353189","SLCO4C1","SLCO4C1",7,3.768,0.3468,0.5146,0.3073
338,"gene3945","3945","LDHB","LDHB",3,8.432,0.2262,0.5145,0.2449
339,"gene84174","84174","SLA2","SLA2",4,5.889,0.228,0.5129,0.2769
340,"gene3821","3821","KLRC1","KLRC1",3,2.881,0.4439,0.5126,0.8333
341,"gene356","356","FASLG","FASLG",4,4.485,0.2905,0.5112,0.446
342,"gene59352","59352","LGR6","LGR6",4,4.159,0.3131,0.5103,0.6809
343,"gene6201","6201","RPS7","RPS7",58,8.365,0.2246,0.5103,0.1471
344,"gene6164","6164","RPL34","RPL34",46,8.074,0.2217,0.5079,0.2119
345,"gene3921","3921","RPSA","RPSA",56,9.488,0.2397,0.5063,0.2073
346,"gene3576","3576","CXCL8","CXCL8",20,2.894,0.4391,0.5053,0.7121
347,"gene6227","6227","RPS21","RPS21",54,7.108,0.2117,0.5039,0.1732
348,"gene7915","7915","ALDH5A1","ALDH5A1",5,5.185,0.2509,0.5036,0.3288
349,"gene684","684","BST2","BST2",13,5.855,0.2267,0.5033,0.2604
350,"gene80781","80781","COL18A1","COL18A1",10,6.341,0.2167,0.5023,0.6995
351,"gene6934","6934","TCF7L2","TCF7L2",43,4.896,0.2641,0.5018,0.3533
352,"gene338440","338440","ANO9","ANO9",10,5.799,0.2276,0.5006,0.324
353,"gene80216","80216","ALPK1","ALPK1",24,5.723,0.2295,0.4992,0.2061
354,"gene6515","6515","SLC2A3","SLC2A3",15,6.967,0.2101,0.4975,0.2658
355,"gene1933","1933","EEF1B2","EEF1B2",3,8.433,0.2224,0.4974,0.19
356,"gene400916","400916","CHCHD10","CHCHD10",2,4.587,0.2799,0.4959,0.1938
357,"gene79689","79689","STEAP4","STEAP4",3,6.025,0.2205,0.494,0.2569
358,"gene726","726","CAPN5","CAPN5",2,4.141,0.3088,0.4924,0.455
359,"gene729359","729359","PLIN4","PLIN4",6,3.522,0.3625,0.4923,0.3342
360,"gene57610","57610","RANBP10","RANBP10",4,6.557,0.2117,0.4922,0.3899
361,"gene4064","4064","CD180","CD180",4,4.64,0.2754,0.4913,0.4257
362,"gene25873","25873","RPL36","RPL36",46,8.926,0.227,0.4911,0.1767
363,"gene1847","1847","DUSP5","DUSP5",6,3.921,0.3254,0.4907,0.3645
364,"gene8291","8291","DYSF","DYSF",4,7.068,0.2087,0.4902,0.2544
365,"gene51523","51523","CXXC5","CXXC5",4,5.245,0.2447,0.4891,0.2532
366,"gene3070","3070","HELLS","HELLS",4,2.157,0.533,0.489,0.4209
367,"gene6036","6036","RNASE2","RNASE2",3,4.147,0.3073,0.4889,0.6817
368,"gene11123","11123","RCAN3","RCAN3",7,6.322,0.2141,0.4887,0.3023
369,"gene10581","10581","IFITM2","IFITM2",4,9.433,0.2344,0.4882,0.2479
370,"gene50509","50509","COL5A3","COL5A3",34,3.02,0.4163,0.488,1.7796
371,"gene9975","9975","NR1D2","NR1D2",4,5.556,0.2319,0.4856,0.1518
372,"gene5464","5464","PPA1","PPA1",6,5.082,0.2501,0.4822,0.2865
373,"gene140803","140803","TRPM6","TRPM6",4,4.134,0.3061,0.4817,0.3476
374,"gene6846","6846","XCL2","XCL2",8,3.501,0.3608,0.4815,0.753
375,"gene4537","4537","MT-ND3","MT-ND3",8,9.253,0.2298,0.4815,0.2808
376,"gene3490","3490","IGFBP7","IGFBP7",8,4.218,0.2996,0.4803,0.4812
377,"gene84766","84766","CRACR2A","CRACR2A",3,5.045,0.2512,0.4795,0.236
378,"gene944","944","TNFSF8","TNFSF8",4,5.642,0.2274,0.4784,0.1916
379,"gene366","366","AQP9","AQP9",4,7.349,0.2061,0.4781,0.2437
380,"gene9934","9934","P2RY14","P2RY14",8,2.841,0.4335,0.4775,0.478
381,"gene7846","7846","TUBA1A","TUBA1A",110,7.018,0.206,0.4774,0.2039
382,"gene6478","6478","SIAH2","SIAH2",13,6.312,0.2118,0.477,0.3706
383,"gene6171","6171","RPL41","RPL41",46,8.68,0.2206,0.4768,0.1279
384,"gene6152","6152","RPL24","RPL24",46,8.314,0.2166,0.4759,0.1371
385,"gene360","360","AQP3","AQP3",8,6.328,0.2112,0.4758,0.2967
386,"gene2214","2214","FCGR3A","FCGR3A",22,8.614,0.2195,0.4752,0.3702
387,"gene3004","3004","GZMM","GZMM",5,6.372,0.2102,0.4743,0.2717
388,"gene5494","5494","PPM1A","PPM1A",10,6.928,0.205,0.473,0.3414
389,"gene1232","1232","CCR3","CCR3",8,5.164,0.244,0.4722,0.5749
390,"gene4953","4953","ODC1","ODC1",4,6.317,0.2106,0.4721,0.2963
391,"gene3274","3274","HRH2","HRH2",8,6.884,0.2048,0.4718,0.2468
392,"gene5577","5577","PRKAR2B","PRKAR2B",66,5.595,0.2273,0.4713,0.5001
393,"gene9254","9254","CACNA2D2","CACNA2D2",17,4.951,0.2535,0.4713,0.5106
394,"gene915","915","CD3D","CD3D",14,6.95,0.2045,0.4705,0.2175
395,"gene3123","3123","HLA-DRB1","HLA-DRB1",13,6.715,0.2056,0.47,1.0514
396,"gene154","154","ADRB2","ADRB2",16,4.762,0.2627,0.4699,0.3159
397,"gene929","929","CD14","CD14",43,7.432,0.2047,0.469,0.2736
398,"gene3577","3577","CXCR1","CXCR1",11,7.957,0.212,0.4687,0.2349
399,"gene1880","1880","GPR183","GPR183",6,5.849,0.2191,0.4685,0.2801
400,"gene6204","6204","RPS10","RPS10",54,8.887,0.2213,0.4682,0.1866
401,"gene6224","6224","RPS20","RPS20",54,9.489,0.2307,0.4681,0.1687
402,"gene126231","126231","ZNF573","ZNF573",3,2.869,0.4254,0.4668,0.2409
403,"gene57514","57514","ARHGAP31","ARHGAP31",8,5.181,0.2419,0.4665,0.2581
404,"gene31","31","ACACA","ACACA",18,4.013,0.3103,0.4661,0.2081
405,"gene1870","1870","E2F2","E2F2",15,4.194,0.2971,0.4661,0.4375
406,"gene10449","10449","ACAA2","ACAA2",4,4.86,0.2565,0.4655,0.2337
407,"gene114907","114907","FBXO32","FBXO32",12,5.159,0.242,0.4629,0.2202
408,"gene6139","6139","RPL17","RPL17",46,8.501,0.2155,0.4628,0.1504
409,"gene79887","79887","PLBD1","PLBD1",8,6.804,0.2033,0.4627,0.2711
410,"gene2793","2793","GNGT2","GNGT2",86,4.163,0.2982,0.4627,0.2672
411,"gene2059","2059","EPS8","EPS8",4,2.33,0.4933,0.4614,0.5492
412,"gene8334","8334","H2AC6","H2AC6",150,5.683,0.2219,0.4601,0.2548
413,"gene3613","3613","IMPA2","IMPA2",3,5.203,0.2394,0.46,0.2696
414,"gene170622","170622","COMMD6","COMMD6",3,4.919,0.2522,0.4599,0.17
415,"gene2550","2550","GABBR1","GABBR1",17,5.088,0.2441,0.4589,0.3089
416,"gene3572","3572","IL6ST","IL6ST",22,6.57,0.2041,0.4558,0.3246
417,"gene2950","2950","GSTP1","GSTP1",13,7.272,0.2015,0.4555,0.2481
418,"gene2081","2081","ERN1","ERN1",8,5.926,0.2144,0.4554,0.3077
419,"gene4792","4792","NFKBIA","NFKBIA",67,7.56,0.203,0.4538,0.2131
420,"gene9398","9398","CD101","CD101",4,5.369,0.2313,0.4533,0.5328
421,"gene3028","3028","HSD17B10","HSD17B10",11,4.885,0.2519,0.4525,0.1673
422,"gene6241","6241","RRM2","RRM2",12,2.204,0.5068,0.4523,0.5556
423,"gene23401","23401","FRAT2","FRAT2",6,6.748,0.2016,0.4521,0.2228
424,"gene8794","8794","TNFRSF10C","TNFRSF10C",6,7.604,0.2031,0.4517,0.238
425,"gene22800","22800","RRAS2","RRAS2",5,4.334,0.2829,0.4497,0.2948
426,"gene3398","3398","ID2","ID2",6,6.837,0.2003,0.4486,0.2245
427,"gene4068","4068","SH2D1A","SH2D1A",3,5.785,0.2164,0.4486,0.2506
428,"gene6286","6286","S100P","S100P",3,3.364,0.3631,0.4485,1.5472
429,"gene157285","157285","PRAG1","PRAG1",5,5.897,0.2135,0.4481,0.2518
430,"gene3340","3340","NDST1","NDST1",5,5.983,0.2112,0.4465,0.3224
431,"gene85441","85441","HELZ2","HELZ2",31,6.576,0.2021,0.4465,0.3566
432,"gene6144","6144","RPL21","RPL21",46,9.503,0.226,0.4461,0.1866
433,"gene8638","8638","OASL","OASL",7,3.453,0.3529,0.4458,0.6754
434,"gene54407","54407","SLC38A2","SLC38A2",8,6.687,0.201,0.4458,0.1897
435,"gene81794","81794","ADAMTS10","ADAMTS10",9,5.705,0.2181,0.4458,0.3165
436,"gene6272","6272","SORT1","SORT1",4,5.709,0.2179,0.4456,0.2562
437,"gene445582","445582","POTEE","POTEE",5,3.618,0.337,0.4452,0.5942
438,"gene1345","1345","COX6C","COX6C",13,5.414,0.2276,0.4447,0.1871
439,"gene6146","6146","RPL22","RPL22",46,8.517,0.2118,0.4445,0.1719
440,"gene514","514","ATP5F1E","ATP5F1E",6,7.225,0.1993,0.4438,0.2078
441,"gene6155","6155","RPL27","RPL27",46,9.02,0.2177,0.4434,0.1431
442,"gene6160","6160","RPL31","RPL31",46,9.432,0.224,0.443,0.1668
443,"gene162966","162966","ZNF600","ZNF600",3,5.48,0.2247,0.4425,0.4202
444,"gene3728","3728","JUP","JUP",44,5.209,0.2349,0.4421,0.9247
445,"gene26289","26289","AK5","AK5",3,4.208,0.2889,0.4416,0.5121
446,"gene2768","2768","GNA12","GNA12",10,6.13,0.2072,0.4415,0.3286
447,"gene26268","26268","FBXO9","FBXO9",7,6.627,0.2006,0.4412,0.3705
448,"gene6647","6647","SOD1","SOD1",18,6.479,0.2017,0.4398,0.1236
449,"gene7320","7320","UBE2B","UBE2B",12,5.236,0.2332,0.4395,0.2254
450,"gene3430","3430","IFI35","IFI35",4,4.58,0.2649,0.4394,0.3528
451,"gene389","389","RHOC","RHOC",32,6.383,0.2027,0.439,0.3599
452,"gene4261","4261","CIITA","CIITA",4,6.474,0.2014,0.4383,0.2421
453,"gene65018","65018","PINK1","PINK1",10,6.711,0.1993,0.4382,0.33
454,"gene146850","146850","PIK3R6","PIK3R6",27,4.822,0.2513,0.4378,0.4096
455,"gene301","301","ANXA1","ANXA1",19,7.584,0.2,0.4377,0.2617
456,"gene63893","63893","UBE2O","UBE2O",4,6.821,0.1977,0.4353,0.3148
457,"gene6886","6886","TAL1","TAL1",12,5.038,0.2405,0.4349,0.4408
458,"gene54498","54498","SMOX","SMOX",8,4.978,0.2432,0.4348,0.461
459,"gene57630","57630","SH3RF1","SH3RF1",9,2.505,0.4568,0.4346,0.434
460,"gene1471","1471","CST3","CST3",8,8.143,0.2064,0.4342,0.3333
461,"gene56005","56005","MYDGF","MYDGF",5,5.274,0.2305,0.4342,0.179
462,"gene8536","8536","CAMK1","CAMK1",13,5,0.2418,0.4332,0.3808
463,"gene10219","10219","KLRG1","KLRG1",3,5.416,0.2248,0.4327,0.4912
464,"gene5052","5052","PRDX1","PRDX1",20,6.001,0.2079,0.4326,0.1742
465,"gene838","838","CASP5","CASP5",8,2.958,0.4009,0.4325,0.5525
466,"gene682","682","BSG","BSG",16,8.384,0.208,0.4324,0.3238
467,"gene3164","3164","NR4A1","NR4A1",12,2.986,0.3976,0.4323,0.6215
468,"gene1475","1475","CSTA","CSTA",3,5.128,0.2359,0.4318,0.2264
469,"gene5610","5610","EIF2AK2","EIF2AK2",21,4.081,0.2949,0.4318,0.505
470,"gene6352","6352","CCL5","CCL5",12,8.129,0.2058,0.4316,0.4089
471,"gene2634","2634","GBP2","GBP2",15,7.351,0.1968,0.4316,0.2947
472,"gene5721","5721","PSME2","PSME2",18,6.303,0.2025,0.4314,0.2572
473,"gene127933","127933","UHMK1","UHMK1",5,6.532,0.1995,0.4314,0.1515
474,"gene6168","6168","RPL37A","RPL37A",46,9.313,0.2192,0.43,0.17
475,"gene3115","3115","HLA-DPB1","HLA-DPB1",13,7.163,0.1966,0.4299,0.4545
476,"gene8718","8718","TNFRSF25","TNFRSF25",4,6.097,0.2053,0.4298,0.3347
477,"gene80727","80727","TTYH3","TTYH3",3,6.896,0.1963,0.4297,0.2136
478,"gene221472","221472","FGD2","FGD2",12,6.718,0.1974,0.429,0.2809
479,"gene1350","1350","COX7C","COX7C",13,6.263,0.2023,0.4276,0.1355
480,"gene6641","6641","SNTB1","SNTB1",6,5.424,0.2233,0.4275,0.198
481,"gene4900","4900","NRGN","NRGN",12,8.941,0.213,0.4268,0.4703
482,"gene5141","5141","PDE4A","PDE4A",7,4.691,0.2554,0.4267,0.2743
483,"gene5027","5027","P2RX7","P2RX7",23,4.767,0.2513,0.4263,0.3123
484,"gene219333","219333","USP12","USP12",4,5.358,0.2255,0.4261,0.3243
485,"gene302","302","ANXA2","ANXA2",24,7.877,0.2021,0.426,0.2921
486,"gene4353","4353","MPO","MPO",5,3.447,0.3464,0.4254,1.0328
487,"gene8724","8724","SNX3","SNX3",7,6.443,0.1991,0.4249,0.2305
488,"gene25801","25801","GCA","GCA",3,6.348,0.2005,0.4249,0.2074
489,"gene968","968","CD68","CD68",3,8.076,0.2038,0.4239,0.2682
490,"gene122416","122416","ANKRD9","ANKRD9",3,3.631,0.3285,0.4233,0.6373
491,"gene2153","2153","F5","F5",17,5.225,0.2298,0.4226,0.3331
492,"gene9531","9531","BAG3","BAG3",4,4.814,0.2479,0.4225,0.2691
493,"gene23191","23191","CYFIP1","CYFIP1",41,5.097,0.2348,0.4217,0.2725
494,"gene8787","8787","RGS9","RGS9",20,3.178,0.3726,0.4214,0.5326
495,"gene6280","6280","S100A9","S100A9",29,10.341,0.237,0.4214,0.2585
496,"gene54790","54790","TET2","TET2",5,6.495,0.1978,0.4213,0.216
497,"gene1116","1116","CHI3L1","CHI3L1",3,6.237,0.2013,0.4208,0.7254
498,"gene6194","6194","RPS6","RPS6",68,10.33,0.2365,0.4203,0.184
499,"gene6154","6154","RPL26","RPL26",46,9.302,0.2168,0.42,0.1322
500,"gene22914","22914","KLRK1","KLRK1",10,7.617,0.1969,0.4198,0.3496
501,"gene1593","1593","CYP27A1","CYP27A1",16,4.829,0.2462,0.4187,0.5677
502,"gene91319","91319","DERL3","DERL3",13,2.12,0.502,0.4185,0.4624
503,"gene3646","3646","EIF3E","EIF3E",11,7.611,0.1965,0.4183,0.1688
504,"gene6206","6206","RPS12","RPS12",54,9.869,0.2262,0.4174,0.2199
505,"gene321","321","APBA2","APBA2",3,5.24,0.228,0.4173,0.3322
506,"gene7273","7273","TTN","TTN",6,5.194,0.2297,0.4172,0.469
507,"gene8875","8875","VNN2","VNN2",7,7.087,0.1939,0.4165,0.3825
508,"gene28996","28996","HIPK2","HIPK2",19,7.087,0.1939,0.4164,0.223
509,"gene1512","1512","CTSH","CTSH",7,6.631,0.1955,0.4157,0.3084
510,"gene25824","25824","PRDX5","PRDX5",9,6.876,0.1935,0.4149,0.3835
511,"gene10963","10963","STIP1","STIP1",8,6.675,0.1947,0.4134,0.1526
512,"gene217","217","ALDH2","ALDH2",13,5.711,0.211,0.4134,0.3327
513,"gene114879","114879","OSBPL5","OSBPL5",5,6.477,0.1961,0.4116,0.3826
514,"gene25956","25956","SEC31B","SEC31B",8,5.669,0.2118,0.4114,0.2139
515,"gene3566","3566","IL4R","IL4R",4,7.521,0.194,0.4108,0.2974
516,"gene4833","4833","NME4","NME4",3,5.019,0.2356,0.4105,0.344
517,"gene133522","133522","PPARGC1B","PPARGC1B",34,3.882,0.3033,0.4104,0.2704
518,"gene5140","5140","PDE3B","PDE3B",25,5.812,0.2075,0.41,0.2998
519,"gene55432","55432","YOD1","YOD1",4,4.404,0.2673,0.4095,0.3068
520,"gene1675","1675","CFD","CFD",10,5.853,0.2062,0.4083,0.8259
521,"gene23475","23475","QPRT","QPRT",4,6.096,0.201,0.4082,0.1968
522,"gene330","330","BIRC3","BIRC3",28,6.893,0.192,0.4075,0.3016
523,"gene3925","3925","STMN1","STMN1",4,4.681,0.251,0.407,0.2149
524,"gene3693","3693","ITGB5","ITGB5",22,4.421,0.2655,0.4066,0.5607
525,"gene6175","6175","RPLP0","RPLP0",52,9.853,0.2235,0.4066,0.1728
526,"gene6161","6161","RPL32","RPL32",46,9.486,0.2169,0.4063,0.1725
527,"gene7311","7311","UBA52","UBA52",501,10.254,0.2315,0.4061,0.3381
528,"gene4831","4831","NME2","NME2",9,6.468,0.1951,0.406,0.191
529,"gene6141","6141","RPL18","RPL18",48,9.405,0.2155,0.406,0.1688
530,"gene6713","6713","SQLE","SQLE",7,3.955,0.2964,0.4057,0.2545
531,"gene8905","8905","AP1S2","AP1S2",16,5.767,0.2077,0.4054,0.2531
532,"gene4303","4303","FOXO4","FOXO4",30,6.571,0.1939,0.405,0.3757
533,"gene8669","8669","EIF3J","EIF3J",11,5.404,0.219,0.4046,0.1677
534,"gene146330","146330","FBXL16","FBXL16",7,4.607,0.2542,0.4042,0.4101
535,"gene6165","6165","RPL35A","RPL35A",46,8.523,0.2034,0.4038,0.1377
536,"gene4502","4502","MT2A","MT2A",10,3.954,0.2954,0.4022,0.4067
537,"gene22885","22885","ABLIM3","ABLIM3",5,4.162,0.2807,0.4018,0.6322
538,"gene513","513","ATP5F1D","ATP5F1D",6,5.965,0.2022,0.4011,0.1617
539,"gene51734","51734","MSRB1","MSRB1",2,6.553,0.1933,0.401,0.1913
540,"gene10871","10871","CD300C","CD300C",3,4.235,0.2755,0.4005,0.3889
541,"gene6228","6228","RPS23","RPS23",57,9.478,0.2152,0.399,0.1979
542,"gene143686","143686","SESN3","SESN3",5,7.028,0.1903,0.3979,0.3055
543,"gene51024","51024","FIS1","FIS1",2,6.238,0.1967,0.3975,0.2647
544,"gene6191","6191","RPS4X","RPS4X",54,10.138,0.2271,0.3975,0.312
545,"gene2781","2781","GNAZ","GNAZ",18,4.477,0.2597,0.3971,0.5288
546,"gene6001","6001","RGS10","RGS10",8,6.492,0.1931,0.397,0.2721
547,"gene84874","84874","ZNF514","ZNF514",3,4.377,0.2656,0.3968,0.3268
548,"gene84131","84131","CEP78","CEP78",16,4.85,0.2398,0.3965,0.3217
549,"gene4605","4605","MYBL2","MYBL2",15,2.489,0.4414,0.3957,0.6957
550,"gene3822","3822","KLRC2","KLRC2",8,2.32,0.4632,0.3956,0.9348
551,"gene8140","8140","SLC7A5","SLC7A5",10,5.271,0.2219,0.3956,0.3047
552,"gene2048","2048","EPHB2","EPHB2",14,2.205,0.4786,0.3953,0.608
553,"gene3394","3394","IRF8","IRF8",5,6.67,0.1911,0.3944,0.2118
554,"gene80139","80139","ZNF703","ZNF703",3,3.426,0.3377,0.3942,0.3714
555,"gene5727","5727","PTCH1","PTCH1",13,5.693,0.2074,0.3938,0.3777
556,"gene6721","6721","SREBF2","SREBF2",20,7.353,0.1895,0.3938,0.1728
557,"gene6648","6648","SOD2","SOD2",24,8.413,0.2003,0.3936,0.242
558,"gene5836","5836","PYGL","PYGL",7,6.775,0.1896,0.3919,0.2288
559,"gene2947","2947","GSTM3","GSTM3",4,2.096,0.4922,0.3919,1.3672
560,"gene4345","4345","CD200","CD200",3,2.832,0.3985,0.3909,0.6318
561,"gene151742","151742","PPM1L","PPM1L",4,4.729,0.2443,0.3904,0.3202
562,"gene340205","340205","TREML1","TREML1",3,4.842,0.2386,0.3898,0.6381
563,"gene708","708","C1QBP","C1QBP",17,5.653,0.2077,0.3898,0.1268
564,"gene7169","7169","TPM2","TPM2",3,4.675,0.2466,0.3881,0.4301
565,"gene6202","6202","RPS8","RPS8",54,9.585,0.2146,0.388,0.1622
566,"gene3480","3480","IGF1R","IGF1R",14,6.672,0.1898,0.3879,0.2843
567,"gene66002","66002","CYP4F12","CYP4F12",6,2.665,0.4164,0.3875,0.6227
568,"gene388931","388931","MFSD2B","MFSD2B",4,3.061,0.3722,0.3875,0.6866
569,"gene133","133","ADM","ADM",11,3.512,0.3273,0.3873,0.4644
570,"gene6147","6147","RPL23A","RPL23A",46,9.682,0.2161,0.3873,0.1554
571,"gene3579","3579","CXCR2","CXCR2",11,9.056,0.2063,0.3873,0.2356
572,"gene6142","6142","RPL18A","RPL18A",46,9.626,0.2149,0.386,0.1612
573,"gene4282","4282","MIF","MIF",10,5.703,0.2053,0.3851,0.1644
574,"gene3336","3336","HSPE1","HSPE1",8,5.169,0.2233,0.3844,0.1376
575,"gene4773","4773","NFATC2","NFATC2",21,7.706,0.1913,0.384,0.198
576,"gene2787","2787","GNG5","GNG5",87,4.469,0.2567,0.384,0.1885
577,"gene10437","10437","IFI30","IFI30",6,8.45,0.1987,0.3838,0.2632
578,"gene161882","161882","ZFPM1","ZFPM1",7,5.088,0.2264,0.3835,0.2241
579,"gene2357","2357","FPR1","FPR1",14,8.494,0.1987,0.382,0.2198
580,"gene6635","6635","SNRPE","SNRPE",24,4.288,0.267,0.3814,0.1766
581,"gene56975","56975","FAM20C","FAM20C",4,3.054,0.3706,0.3813,0.4852
582,"gene2162","2162","F13A1","F13A1",10,7.748,0.1913,0.3808,0.4537
583,"gene9231","9231","DLG5","DLG5",9,3.829,0.2985,0.3805,0.4869
584,"gene10859","10859","LILRB1","LILRB1",3,5.326,0.2164,0.3796,0.3057
585,"gene933","933","CD22","CD22",10,6.487,0.1897,0.379,0.5373
586,"gene942","942","CD86","CD86",19,5.102,0.2247,0.3785,0.2815
587,"gene9145","9145","SYNGR1","SYNGR1",3,3.766,0.3029,0.3785,0.4388
588,"gene2058","2058","EPRS1","EPRS1",13,6.636,0.1883,0.3781,0.1259
589,"gene6556","6556","SLC11A1","SLC11A1",9,7.433,0.1869,0.378,0.261
590,"gene6217","6217","RPS16","RPS16",54,9.38,0.2091,0.3779,0.1612
591,"gene80012","80012","PHC3","PHC3",33,6.638,0.1882,0.3776,0.1415
592,"gene2776","2776","GNAQ","GNAQ",48,6.126,0.1944,0.3775,0.2202
593,"gene6169","6169","RPL38","RPL38",46,8.542,0.1982,0.377,0.1601
594,"gene117155","117155","CATSPER2","CATSPER2",3,2.593,0.4205,0.3769,0.4397
595,"gene25946","25946","ZNF385A","ZNF385A",16,6.62,0.1881,0.3767,0.2696
596,"gene134429","134429","STARD4","STARD4",5,2.775,0.3992,0.3764,0.2685
597,"gene3556","3556","IL1RAP","IL1RAP",15,4.379,0.2601,0.3761,0.3305
598,"gene7128","7128","TNFAIP3","TNFAIP3",16,6.897,0.186,0.3754,0.185
599,"gene6159","6159","RPL29","RPL29",46,8.954,0.2025,0.3753,0.1509
600,"gene9194","9194","SLC16A7","SLC16A7",4,4.001,0.2842,0.3752,0.2063
601,"gene275","275","AMT","AMT",4,4.051,0.2806,0.3747,0.2644
602,"gene5567","5567","PRKACB","PRKACB",117,6.569,0.1881,0.3745,0.1758
603,"gene83988","83988","NCALD","NCALD",6,4.948,0.2303,0.3745,0.3705
604,"gene9580","9580","SOX13","SOX13",4,3.988,0.2849,0.3744,0.4396
605,"gene4708","4708","NDUFB2","NDUFB2",4,4.975,0.2291,0.3744,0.1698
606,"gene3575","3575","IL7R","IL7R",12,10.115,0.2214,0.374,0.3075
607,"gene4830","4830","NME1","NME1",6,3.621,0.3135,0.3737,0.2779
608,"gene27287","27287","VENTX","VENTX",8,4.027,0.2819,0.3733,0.4331
609,"gene55423","55423","SIRPG","SIRPG",4,5.064,0.225,0.3729,0.3157
610,"gene4646","4646","MYO6","MYO6",18,2.715,0.4046,0.3728,0.6779
611,"gene58477","58477","SRPRB","SRPRB",8,4.951,0.2296,0.3722,0.1618
612,"gene6188","6188","RPS3","RPS3",54,10.064,0.2199,0.3721,0.1642
613,"gene54583","54583","EGLN1","EGLN1",8,5.813,0.1997,0.3717,0.2244
614,"gene1163","1163","CKS1B","CKS1B",10,2.455,0.4347,0.3707,0.2365
615,"gene5732","5732","PTGER2","PTGER2",8,5.546,0.207,0.3706,0.2515
616,"gene306","306","ANXA3","ANXA3",4,2.86,0.3874,0.3705,0.5094
617,"gene1043","1043","CD52","CD52",3,8.823,0.1999,0.3703,0.1874
618,"gene7203","7203","CCT3","CCT3",17,6.65,0.1866,0.3699,0.1288
619,"gene2206","2206","MS4A2","MS4A2",12,3.102,0.3615,0.3698,0.6046
620,"gene6173","6173","RPL36A","RPL36A",46,8.652,0.1977,0.369,0.1519
621,"gene79071","79071","ELOVL6","ELOVL6",8,3.425,0.3293,0.3688,0.3986
622,"gene6039","6039","RNASE6","RNASE6",3,5.015,0.2259,0.3677,0.4029
623,"gene123","123","PLIN2","PLIN2",16,5.033,0.2251,0.3676,0.1979
624,"gene8541","8541","PPFIA3","PPFIA3",10,2.213,0.4645,0.3675,0.3059
625,"gene1890","1890","TYMP","TYMP",6,7.842,0.1898,0.3661,0.3138
626,"gene3386","3386","ICAM4","ICAM4",5,2.944,0.3766,0.3659,0.5961
627,"gene3595","3595","IL12RB2","IL12RB2",14,3.049,0.3655,0.3659,0.6176
628,"gene9045","9045","RPL14","RPL14",46,9.288,0.2052,0.3658,0.1554
629,"gene55466","55466","DNAJA4","DNAJA4",3,4.935,0.2284,0.3641,0.3344
630,"gene5966","5966","REL","REL",5,5.729,0.2003,0.364,0.1884
631,"gene54210","54210","TREM1","TREM1",7,5.647,0.2026,0.3639,0.3037
632,"gene4638","4638","MYLK","MYLK",12,3.72,0.3022,0.3638,0.4501
633,"gene3717","3717","JAK2","JAK2",86,5.36,0.2118,0.3637,0.1728
634,"gene2309","2309","FOXO3","FOXO3",51,6.773,0.1844,0.3637,0.2625
635,"gene140807","140807","KRT72","KRT72",3,3.9,0.288,0.363,1.2469
636,"gene8320","8320","EOMES","EOMES",11,5.887,0.1963,0.363,0.4166
637,"gene6207","6207","RPS13","RPS13",54,7.812,0.1888,0.3629,0.1608
638,"gene2201","2201","FBN2","FBN2",7,3.742,0.3,0.3625,0.5567
639,"gene3486","3486","IGFBP3","IGFBP3",10,2.804,0.3904,0.3625,0.6377
640,"gene79834","79834","PEAK1","PEAK1",6,4.976,0.2263,0.3625,0.1821
641,"gene57698","57698","SHTN1","SHTN1",5,4.151,0.2705,0.3622,0.4757
642,"gene463","463","ZFHX3","ZFHX3",5,4.726,0.2376,0.362,0.3099
643,"gene6375","6375","XCL1","XCL1",8,2.436,0.4332,0.3618,0.8265
644,"gene57654","57654","UVSSA","UVSSA",6,5.517,0.206,0.3615,0.2398
645,"gene539","539","ATP5PO","ATP5PO",8,5.762,0.1989,0.3614,0.141
646,"gene597","597","BCL2A1","BCL2A1",9,4.158,0.2697,0.3612,0.2432
647,"gene719","719","C3AR1","C3AR1",18,4.452,0.2519,0.361,0.6041
648,"gene83999","83999","KREMEN1","KREMEN1",11,3.189,0.3496,0.3608,0.6032
649,"gene56172","56172","ANKH","ANKH",2,6.696,0.1845,0.3605,0.2368
650,"gene710","710","SERPING1","SERPING1",14,2.151,0.4695,0.3604,0.8398
651,"gene10462","10462","CLEC10A","CLEC10A",4,4.417,0.2538,0.3604,0.5257
652,"gene6209","6209","RPS15","RPS15",54,9.097,0.2012,0.3596,0.148
653,"gene527","527","ATP6V0C","ATP6V0C",20,8.416,0.1936,0.3595,0.3008
654,"gene81030","81030","ZBP1","ZBP1",17,4.749,0.2357,0.3586,0.3232
655,"gene6095","6095","RORA","RORA",24,6,0.193,0.3582,0.2699
656,"gene1051","1051","CEBPB","CEBPB",33,7.61,0.1849,0.357,0.224
657,"gene6233","6233","RPS27A","RPS27A",507,9.39,0.2048,0.3566,0.1653
658,"gene5901","5901","RAN","RAN",38,6.765,0.1831,0.3564,0.1238
659,"gene9170","9170","LPAR2","LPAR2",8,6.398,0.1864,0.356,0.2392
660,"gene2317","2317","FLNB","FLNB",5,6.668,0.1838,0.3555,0.2608
661,"gene2203","2203","FBP1","FBP1",4,4.265,0.2615,0.3553,0.2994
662,"gene2017","2017","CTTN","CTTN",8,4.872,0.2291,0.3548,0.5139
663,"gene6218","6218","RPS17","RPS17",54,9.371,0.2042,0.3547,0.1702
664,"gene192286","192286","HIGD2A","HIGD2A",4,6.093,0.1905,0.3543,0.1913
665,"gene259173","259173","ALS2CL","ALS2CL",4,4.604,0.2419,0.3539,0.429
666,"gene10549","10549","PRDX4","PRDX4",3,3.373,0.3292,0.3531,0.2014
667,"gene23547","23547","LILRA4","LILRA4",3,2.37,0.4375,0.3528,0.5822
668,"gene353","353","APRT","APRT",12,6.462,0.1849,0.3522,0.174
669,"gene51389","51389","RWDD1","RWDD1",4,4.139,0.2685,0.3518,0.1736
670,"gene100996939","100996939","PYURF","PYURF",4,5.334,0.2102,0.3517,0.1249
671,"gene84992","84992","PIGY","PIGY",4,5.334,0.2102,0.3517,0.1249
672,"gene59285","59285","CACNG6","CACNG6",4,2.618,0.407,0.3514,0.6953
673,"gene940","940","CD28","CD28",22,6.495,0.1844,0.3508,0.2837
674,"gene760","760","CA2","CA2",10,4.525,0.2452,0.3504,0.597
675,"gene2760","2760","GM2A","GM2A",8,5.517,0.2036,0.3499,0.4229
676,"gene8349","8349","H2BC21","H2BC21",158,5.038,0.2209,0.3498,0.3911
677,"gene978","978","CDA","CDA",7,4.824,0.23,0.3497,0.3987
678,"gene2790","2790","GNG10","GNG10",87,3.826,0.2896,0.3494,0.2613
679,"gene54843","54843","SYTL2","SYTL2",4,5.284,0.2114,0.3491,0.4593
680,"gene10870","10870","HCST","HCST",3,6.477,0.1842,0.3488,0.1695
681,"gene671","671","BPI","BPI",6,3.293,0.3352,0.3481,0.9799
682,"gene27102","27102","EIF2AK1","EIF2AK1",6,7.807,0.1859,0.3479,0.3199
683,"gene3772","3772","KCNJ15","KCNJ15",11,5.248,0.2123,0.3476,0.4388
684,"gene1436","1436","CSF1R","CSF1R",11,7.675,0.184,0.3474,0.2825
685,"gene728294","728294","D2HGDH","D2HGDH",3,5.513,0.2032,0.3473,0.2326
686,"gene6167","6167","RPL37","RPL37",46,9.347,0.2023,0.3473,0.148
687,"gene6134","6134","RPL10","RPL10",46,10.486,0.223,0.347,0.1904
688,"gene8714","8714","ABCC3","ABCC3",16,5.178,0.2147,0.3469,0.5323
689,"gene6125","6125","RPL5","RPL5",46,9.515,0.2047,0.3462,0.1658
690,"gene56953","56953","NT5M","NT5M",4,3.561,0.3099,0.3461,0.5654
691,"gene8482","8482","SEMA7A","SEMA7A",10,4.657,0.2373,0.3459,0.3242
692,"gene64759","64759","TNS3","TNS3",5,5.041,0.2198,0.3455,0.2524
693,"gene90990","90990","KIFC2","KIFC2",8,5.68,0.1979,0.3453,0.2052
694,"gene2194","2194","FASN","FASN",26,6.716,0.1814,0.3444,0.177
695,"gene4736","4736","RPL10A","RPL10A",46,9.186,0.1994,0.3443,0.1712
696,"gene974","974","CD79B","CD79B",14,5.837,0.1937,0.3439,0.4058
697,"gene4869","4869","NPM1","NPM1",44,8.484,0.1912,0.3436,0.1659
698,"gene5016","5016","OVGP1","OVGP1",3,2.57,0.409,0.3428,0.3392
699,"gene3590","3590","IL11RA","IL11RA",5,5.764,0.1951,0.3422,0.2368
700,"gene23645","23645","PPP1R15A","PPP1R15A",8,6.352,0.1845,0.3421,0.1853
701,"gene23677","23677","SH3BP4","SH3BP4",4,2.199,0.4545,0.3418,0.3502
702,"gene155066","155066","ATP6V0E2","ATP6V0E2",15,5.526,0.2016,0.3409,0.2421
703,"gene8993","8993","PGLYRP1","PGLYRP1",4,2.7,0.3933,0.3403,0.572
704,"gene4069","4069","LYZ","LYZ",6,11.208,0.2376,0.34,0.5088
705,"gene1848","1848","DUSP6","DUSP6",39,7.013,0.1795,0.34,0.2227
706,"gene1717","1717","DHCR7","DHCR7",8,3.617,0.3031,0.3388,0.1819
707,"gene55967","55967","NDUFA12","NDUFA12",4,4.906,0.2239,0.3385,0.1624
708,"gene30817","30817","ADGRE2","ADGRE2",4,7.323,0.1792,0.3385,0.4232
709,"gene643","643","CXCR5","CXCR5",8,4.746,0.2312,0.3385,0.4211
710,"gene10857","10857","PGRMC1","PGRMC1",3,5.646,0.1976,0.3385,0.3197
711,"gene1312","1312","COMT","COMT",15,5.786,0.1938,0.3383,0.2086
712,"gene51386","51386","EIF3L","EIF3L",11,8.402,0.1894,0.3381,0.1553
713,"gene1536","1536","CYBB","CYBB",24,8.489,0.1901,0.3378,0.2678
714,"gene8740","8740","TNFSF14","TNFSF14",9,5.342,0.207,0.3377,0.2157
715,"gene27339","27339","PRPF19","PRPF19",15,6.47,0.1822,0.3375,0.1245
716,"gene84443","84443","FRMPD3","FRMPD3",3,3.06,0.3539,0.3368,0.6216
717,"gene5621","5621","PRNP","PRNP",9,6.21,0.1854,0.3366,0.1577
718,"gene3903","3903","LAIR1","LAIR1",5,5.383,0.2053,0.3364,0.2998
719,"gene3312","3312","HSPA8","HSPA8",55,10.104,0.213,0.3363,0.1636
720,"gene1803","1803","DPP4","DPP4",5,5.103,0.2154,0.3363,0.3167
721,"gene23586","23586","RIGI","DDX58",37,5.334,0.2068,0.3356,0.3609
722,"gene23327","23327","NEDD4L","NEDD4L",27,3.153,0.3442,0.335,0.4773
723,"gene3091","3091","HIF1A","HIF1A",31,6.399,0.1824,0.3344,0.1954
724,"gene57571","57571","CARNS1","CARNS1",3,5.482,0.2016,0.3344,0.3573
725,"gene89790","89790","SIGLEC10","SIGLEC10",3,7.312,0.1785,0.3343,0.3747
726,"gene8111","8111","GPR68","GPR68",6,4.7,0.2322,0.3336,0.3247
727,"gene4660","4660","PPP1R12B","PPP1R12B",19,5.571,0.1987,0.3333,0.2511
728,"gene64425","64425","POLR1E","POLR1E",16,4.654,0.2344,0.333,0.1922
729,"gene10728","10728","PTGES3","PTGES3",24,6.932,0.1782,0.3329,0.1595
730,"gene140809","140809","SRXN1","SRXN1",6,5.299,0.2074,0.3325,0.4501
731,"gene23250","23250","ATP11A","ATP11A",6,6.563,0.1804,0.3324,0.1642
732,"gene8821","8821","INPP4B","INPP4B",8,4.738,0.2301,0.3322,0.3102
733,"gene57162","57162","PELI1","PELI1",25,6.404,0.1818,0.3314,0.1431
734,"gene6137","6137","RPL13","RPL13",46,11.146,0.2341,0.3313,0.2283
735,"gene4000","4000","LMNA","LMNA",33,5.013,0.2178,0.3313,0.4879
736,"gene5209","5209","PFKFB3","PFKFB3",5,5.446,0.202,0.3307,0.22
737,"gene56993","56993","TOMM22","TOMM22",7,5.649,0.1959,0.3307,0.1237
738,"gene7090","7090","TLE3","TLE3",17,7.628,0.1803,0.3307,0.1883
739,"gene7494","7494","XBP1","XBP1",7,7.28,0.1778,0.3302,0.1869
740,"gene718","718","C3","C3",27,3.103,0.3473,0.3302,0.5226
741,"gene64167","64167","ERAP2","ERAP2",4,6.489,0.1805,0.3293,1.0927
742,"gene2149","2149","F2R","F2R",12,5.155,0.2118,0.329,0.4448
743,"gene81857","81857","MED25","MED25",18,6.835,0.1776,0.3286,0.1946
744,"gene1891","1891","ECH1","ECH1",6,6.216,0.1838,0.3284,0.1488
745,"gene8673","8673","VAMP8","VAMP8",14,6.418,0.1811,0.3283,0.1847
746,"gene6720","6720","SREBF1","SREBF1",28,6.026,0.1867,0.328,0.2752
747,"gene8607","8607","RUVBL1","RUVBL1",27,4.771,0.2275,0.3276,0.1677
748,"gene8682","8682","PEA15","PEA15",5,6.34,0.182,0.3275,0.2037
749,"gene10055","10055","SAE1","SAE1",12,5.944,0.1883,0.3275,0.1242
750,"gene85439","85439","STON2","STON2",4,3.314,0.3263,0.3274,0.4125
751,"gene10913","10913","EDAR","EDAR",4,3.252,0.3322,0.3273,0.6221
752,"gene6843","6843","VAMP1","VAMP1",8,5.847,0.1903,0.3273,0.2317
753,"gene3557","3557","IL1RN","IL1RN",6,4.726,0.2295,0.327,0.2277
754,"gene5603","5603","MAPK13","MAPK13",15,6.654,0.1787,0.3268,0.1779
755,"gene28984","28984","RGCC","RGCC",6,5.487,0.1998,0.3261,0.2948
756,"gene319101","319101","KRT73","KRT73",3,3.806,0.2844,0.326,1.2215
757,"gene1296","1296","COL8A2","COL8A2",11,2.418,0.42,0.3257,0.4539
758,"gene27242","27242","TNFRSF21","TNFRSF21",4,2.01,0.4719,0.3254,0.4918
759,"gene10051","10051","SMC4","SMC4",12,5.151,0.2112,0.3254,0.1883
760,"gene8780","8780","RIOK3","RIOK3",4,6.88,0.1769,0.3254,0.2852
761,"gene55558","55558","PLXNA3","PLXNA3",13,5.564,0.1973,0.3253,0.2526
762,"gene6138","6138","RPL15","RPL15",46,9.531,0.2006,0.3248,0.137
763,"gene55704","55704","CCDC88A","CCDC88A",6,5.825,0.1903,0.3247,0.2871
764,"gene6513","6513","SLC2A1","SLC2A1",15,6.139,0.1841,0.3239,0.2242
765,"gene1622","1622","DBI","DBI",4,5.921,0.188,0.3233,0.1583
766,"gene4171","4171","MCM2","MCM2",28,4.126,0.2617,0.3231,0.2289
767,"gene64981","64981","MRPL34","MRPL34",11,4.672,0.2312,0.3228,0.1685
768,"gene23136","23136","EPB41L3","EPB41L3",7,4.326,0.2496,0.3227,0.3348
769,"gene9450","9450","LY86","LY86",4,4.375,0.2466,0.3221,0.3668
770,"gene6176","6176","RPLP1","RPLP1",46,10.178,0.2111,0.3208,0.1797
771,"gene23305","23305","ACSL6","ACSL6",5,4.178,0.2578,0.3206,0.3154
772,"gene64386","64386","MMP25","MMP25",6,8.664,0.1884,0.3203,0.3113
773,"gene6230","6230","RPS25","RPS25",54,9.451,0.1983,0.3197,0.1778
774,"gene10276","10276","NET1","NET1",13,3.755,0.2864,0.3193,0.379
775,"gene80739","80739","MPIG6B","MPIG6B",3,3.511,0.3059,0.3191,0.5717
776,"gene10875","10875","FGL2","FGL2",3,7.849,0.1812,0.3188,0.1658
777,"gene56261","56261","GPCPD1","GPCPD1",6,6.257,0.1815,0.3186,0.2115
778,"gene24138","24138","IFIT5","IFIT5",4,4.086,0.2631,0.3185,0.4073
779,"gene2053","2053","EPHX2","EPHX2",12,4.771,0.2252,0.3179,0.4495
780,"gene80005","80005","DOCK5","DOCK5",8,7.242,0.1756,0.3175,0.1911
781,"gene79888","79888","LPCAT1","LPCAT1",11,6.329,0.1802,0.3171,0.219
782,"gene29107","29107","NXT1","NXT1",4,3.618,0.2962,0.3163,0.1622
783,"gene4193","4193","MDM2","MDM2",59,6.042,0.1842,0.316,0.1546
784,"gene2358","2358","FPR2","FPR2",12,6.377,0.1792,0.3153,0.2976
785,"gene10161","10161","LPAR6","LPAR6",8,4.252,0.252,0.3152,0.3402
786,"gene9759","9759","HDAC4","HDAC4",29,6.293,0.1804,0.3151,0.1372
787,"gene10654","10654","PMVK","PMVK",7,4.383,0.2444,0.3148,0.1741
788,"gene84254","84254","CAMKK1","CAMKK1",40,3.769,0.2839,0.3146,0.2744
789,"gene1378","1378","CR1","CR1",10,6.224,0.1811,0.314,0.227
790,"gene10575","10575","CCT4","CCT4",17,6.644,0.1765,0.314,0.1206
791,"gene53834","53834","FGFRL1","FGFRL1",5,4.628,0.2313,0.3139,0.2418
792,"gene3459","3459","IFNGR1","IFNGR1",16,6.854,0.1748,0.3131,0.135
793,"gene22918","22918","CD93","CD93",3,7.672,0.1775,0.3121,0.3401
794,"gene2281","2281","FKBP1B","FKBP1B",6,2.366,0.4205,0.312,0.5322
795,"gene84628","84628","NTNG2","NTNG2",3,4.4,0.2427,0.312,0.3058
796,"gene94015","94015","TTYH2","TTYH2",3,5.097,0.2103,0.3115,0.1942
797,"gene6923","6923","ELOB","ELOB",62,6.22,0.1807,0.3114,0.2221
798,"gene253260","253260","RICTOR","RICTOR",32,5.855,0.1871,0.3111,0.2245
799,"gene7476","7476","WNT7A","WNT7A",9,2.432,0.4117,0.3098,0.4675
800,"gene10516","10516","FBLN5","FBLN5",6,2.984,0.3519,0.3098,0.6371
801,"gene917","917","CD3G","CD3G",33,6.511,0.1768,0.3096,0.237
802,"gene3014","3014","H2AX","H2AX",144,4.332,0.246,0.3095,0.186
803,"gene2197","2197","FAU","FAU",54,8.018,0.1814,0.3095,0.1287
804,"gene5087","5087","PBX1","PBX1",9,3.404,0.3123,0.3093,0.4363
805,"gene5245","5245","PHB1","PHB",15,5.928,0.1852,0.3093,0.1352
806,"gene10783","10783","NEK6","NEK6",9,5.262,0.2038,0.3088,0.2629
807,"gene55827","55827","DCAF6","DCAF6",3,5.755,0.1889,0.3087,0.2548
808,"gene1032","1032","CDKN2D","CDKN2D",11,6.292,0.1792,0.3084,0.2593
809,"gene864","864","RUNX3","RUNX3",26,8.809,0.1877,0.308,0.2457
810,"gene51176","51176","LEF1","LEF1",43,8.044,0.1813,0.3078,0.4544
811,"gene1230","1230","CCR1","CCR1",12,6.126,0.1812,0.3073,0.3425
812,"gene8542","8542","APOL1","APOL1",7,5.128,0.2082,0.307,0.3128
813,"gene5296","5296","PIK3R2","PIK3R2",112,5.723,0.1893,0.3069,0.1938
814,"gene7381","7381","UQCRB","UQCRB",8,7.185,0.1736,0.3057,0.1066
815,"gene4689","4689","NCF4","NCF4",23,6.83,0.1736,0.3056,0.1833
816,"gene6157","6157","RPL27A","RPL27A",49,10.005,0.2047,0.3055,0.1413
817,"gene2199","2199","FBLN2","FBLN2",6,2.305,0.4251,0.3055,0.6233
818,"gene7706","7706","TRIM25","TRIM25",44,7.049,0.1734,0.3052,0.187
819,"gene9241","9241","NOG","NOG",6,3.639,0.2912,0.3051,0.8335
820,"gene123041","123041","SLC24A4","SLC24A4",8,5.17,0.2062,0.3049,0.3849
821,"gene9314","9314","KLF4","KLF4",22,4.481,0.2366,0.3048,0.3555
822,"gene8815","8815","BANF1","BANF1",23,5.823,0.1865,0.3044,0.1414
823,"gene26232","26232","FBXO2","FBXO2",7,2.797,0.369,0.3042,0.529
824,"gene1019","1019","CDK4","CDK4",60,4.868,0.2179,0.304,0.1151
825,"gene23433","23433","RHOQ","RHOQ",10,5.766,0.1877,0.304,0.1959
826,"gene64135","64135","IFIH1","IFIH1",41,5.066,0.2098,0.3033,0.3403
827,"gene3094","3094","HINT1","HINT1",6,6.548,0.1753,0.3031,0.1315
828,"gene91584","91584","PLXNA4","PLXNA4",19,3.055,0.3427,0.3031,0.5668
829,"gene55112","55112","DYNC2I1","DYNC2I1",3,4.221,0.2507,0.3029,0.2372
830,"gene8741","8741","TNFSF13","TNFSF13",7,6.129,0.1804,0.3028,0.2494
831,"gene7036","7036","TFR2","TFR2",3,3.196,0.3292,0.3027,0.3259
832,"gene51380","51380","CSAD","CSAD",4,5.426,0.197,0.3022,0.1754
833,"gene2219","2219","FCN1","FCN1",8,9.456,0.195,0.3022,0.3585
834,"gene5728","5728","PTEN","PTEN",34,7.29,0.1728,0.302,0.15
835,"gene4703","4703","NEB","NEB",2,2.62,0.3869,0.3013,0.4621
836,"gene4092","4092","SMAD7","SMAD7",34,4.603,0.2296,0.3012,0.2782
837,"gene1175","1175","AP2S1","AP2S1",58,5.491,0.1947,0.3008,0.2003
838,"gene22836","22836","RHOBTB3","RHOBTB3",7,2.71,0.3769,0.3007,0.3856
839,"gene23463","23463","ICMT","ICMT",8,5.097,0.208,0.3004,0.1661
840,"gene59340","59340","HRH4","HRH4",8,2.702,0.3774,0.2995,0.5734
841,"gene3068","3068","HDGF","HDGF",5,7.855,0.1778,0.2995,0.2606
842,"gene6229","6229","RPS24","RPS24",54,9.613,0.1968,0.2991,0.1376
843,"gene55615","55615","PRR5","PRR5",32,6.14,0.1795,0.2988,0.3282
844,"gene4332","4332","MNDA","MNDA",3,9.151,0.19,0.2986,0.204
845,"gene5775","5775","PTPN4","PTPN4",13,6.447,0.1754,0.2983,0.2269
846,"gene3959","3959","LGALS3BP","LGALS3BP",4,4.849,0.2174,0.2982,0.3707
847,"gene9334","9334","B4GALT5","B4GALT5",17,5.671,0.1891,0.2982,0.2335
848,"gene57674","57674","RNF213","RNF213",13,9.667,0.1974,0.2981,0.3005
849,"gene653361","653361","NCF1","NCF1",23,7.566,0.1738,0.2981,0.2439
850,"gene2739","2739","GLO1","GLO1",3,4.434,0.2374,0.2975,0.1834
851,"gene26140","26140","TTLL3","TTLL3",3,5.913,0.1833,0.2972,0.1575
852,"gene27018","27018","BEX3","BEX3",5,4.32,0.2436,0.2968,0.3692
853,"gene912","912","CD1D","CD1D",3,4.666,0.2255,0.2968,0.2555
854,"gene54549","54549","SDK2","SDK2",4,3.637,0.2888,0.2961,0.6158
855,"gene2625","2625","GATA3","GATA3",27,6.126,0.1792,0.296,0.1933
856,"gene4809","4809","SNU13","SNU13",11,6.126,0.1791,0.2959,0.1241
857,"gene2215","2215","FCGR3B","FCGR3B",6,9.492,0.1942,0.2957,0.4072
858,"gene114822","114822","RHPN1","RHPN1",12,4.157,0.2527,0.2956,0.422
859,"gene962","962","CD48","CD48",2,7.824,0.1766,0.2953,0.131
860,"gene8357","8357","H3C10","H3C10",130,3.031,0.3422,0.2951,0.5181
861,"gene221937","221937","FOXK1","FOXK1",4,7.012,0.1716,0.2949,0.139
862,"gene23423","23423","TMED3","TMED3",11,4.748,0.2212,0.2947,0.1642
863,"gene221037","221037","JMJD1C","JMJD1C",2,6.988,0.1715,0.2946,0.1594
864,"gene51650","51650","MRPS33","MRPS33",11,3.301,0.3169,0.2944,0.1814
865,"gene868","868","CBLB","CBLB",4,6.04,0.1802,0.294,0.2015
866,"gene6732","6732","SRPK1","SRPK1",11,5.027,0.2093,0.294,0.2192
867,"gene4715","4715","NDUFB9","NDUFB9",4,5.508,0.1926,0.2929,0.1413
868,"gene6307","6307","MSMO1","MSMO1",6,3.201,0.3252,0.2916,0.2147
869,"gene8519","8519","IFITM1","IFITM1",6,8.452,0.1812,0.2916,0.2724
870,"gene6158","6158","RPL28","RPL28",46,10.18,0.205,0.2912,0.1742
871,"gene161742","161742","SPRED1","SPRED1",13,2.495,0.3969,0.2911,0.3976
872,"gene1154","1154","CISH","CISH",10,6.402,0.1746,0.2908,0.2567
873,"gene8665","8665","EIF3F","EIF3F",11,7.647,0.1735,0.2907,0.1433
874,"gene5197","5197","PF4V1","PF4V1",4,2.404,0.4071,0.2904,1.0155
875,"gene4904","4904","YBX1","YBX1",35,10.105,0.2034,0.2903,0.3563
876,"gene80854","80854","SETD7","SETD7",3,4.613,0.2265,0.2902,0.2284
877,"gene7514","7514","XPO1","XPO1",67,6.153,0.1777,0.29,0.1727
878,"gene706","706","TSPO","TSPO",5,6.687,0.172,0.2899,0.22
879,"gene84159","84159","ARID5B","ARID5B",3,5.736,0.1857,0.2896,0.2272
880,"gene5886","5886","RAD23A","RAD23A",9,7.056,0.1707,0.2894,0.2644
881,"gene9651","9651","PLCH2","PLCH2",3,4.302,0.2427,0.2892,0.3551
882,"gene80115","80115","BAIAP2L2","BAIAP2L2",5,2.065,0.4481,0.2891,0.3364
883,"gene7153","7153","TOP2A","TOP2A",15,2.593,0.3848,0.2882,0.4486
884,"gene1628","1628","DBP","DBP",2,5.169,0.2028,0.2881,0.1526
885,"gene3320","3320","HSP90AA1","HSP90AA1",125,8.853,0.1844,0.288,0.1485
886,"gene5800","5800","PTPRO","PTPRO",4,3.029,0.3399,0.2877,0.35
887,"gene55240","55240","STEAP3","STEAP3",18,2.861,0.3564,0.2875,0.4834
888,"gene6150","6150","MRPL23","MRPL23",11,4.705,0.2215,0.2874,0.1804
889,"gene8668","8668","EIF3I","EIF3I",11,6.465,0.1733,0.2874,0.1094
890,"gene151636","151636","DTX3L","DTX3L",4,6.417,0.1738,0.2873,0.2363
891,"gene290","290","ANPEP","ANPEP",6,8.19,0.1785,0.2871,0.3362
892,"gene7089","7089","TLE2","TLE2",14,4.157,0.2505,0.2867,0.3499
893,"gene54331","54331","GNG2","GNG2",87,7.137,0.1703,0.2865,0.2029
894,"gene54464","54464","XRN1","XRN1",12,5.812,0.1834,0.2862,0.1694
895,"gene728","728","C5AR1","C5AR1",12,7.56,0.1716,0.2861,0.1817
896,"gene4050","4050","LTB","LTB",8,7.187,0.1702,0.2855,0.2755
897,"gene80201","80201","HKDC1","HKDC1",4,3.111,0.3312,0.2849,0.5677
898,"gene11343","11343","MGLL","MGLL",23,4.363,0.2382,0.2847,0.4457
899,"gene22898","22898","DENND3","DENND3",4,7.709,0.1732,0.2843,0.1635
900,"gene64061","64061","TSPYL2","TSPYL2",5,6.039,0.1785,0.2843,0.2343
901,"gene1937","1937","EEF1G","EEF1G",7,10.499,0.2097,0.2842,0.1776
902,"gene1269","1269","CNR2","CNR2",6,4.176,0.2487,0.284,0.3325
903,"gene27335","27335","EIF3K","EIF3K",11,7.11,0.1699,0.284,0.1176
904,"gene10154","10154","PLXNC1","PLXNC1",5,7.607,0.1718,0.2839,0.185
905,"gene1241","1241","LTB4R","LTB4R",8,5.878,0.1816,0.2838,0.1877
906,"gene60489","60489","APOBEC3G","APOBEC3G",7,6.087,0.1775,0.2833,0.2404
907,"gene51310","51310","SLC22A17","SLC22A17",4,3.04,0.3372,0.2827,0.4555
908,"gene10811","10811","NOXA1","NOXA1",14,3.917,0.2646,0.2827,0.2672
909,"gene25885","25885","POLR1A","POLR1A",16,5.122,0.2034,0.2825,0.1694
910,"gene1233","1233","CCR4","CCR4",8,4.137,0.2506,0.2823,0.4354
911,"gene57105","57105","CYSLTR2","CYSLTR2",16,3.232,0.3192,0.282,0.3847
912,"gene51747","51747","LUC7L3","LUC7L3",4,7.319,0.1693,0.2817,0.142
913,"gene56937","56937","PMEPA1","PMEPA1",5,2.78,0.3623,0.281,0.3912
914,"gene4509","4509","MT-ATP8","MT-ATP8",10,10.663,0.2123,0.2809,0.2461
915,"gene4522","4522","MTHFD1","MTHFD1",4,4.855,0.2134,0.2808,0.1742
916,"gene7056","7056","THBD","THBD",4,4.621,0.224,0.2805,0.4418
917,"gene91749","91749","SLC60A2","MFSD4B",3,2.875,0.3526,0.2805,0.2281
918,"gene51320","51320","MEX3C","MEX3C",4,5.795,0.1827,0.2805,0.165
919,"gene2672","2672","GFI1","GFI1",2,4.663,0.2217,0.2793,0.3902
920,"gene8477","8477","GPR65","GPR65",6,5.372,0.1943,0.2793,0.2185
921,"gene216","216","ALDH1A1","ALDH1A1",18,3.839,0.2688,0.2784,0.4156
922,"gene10490","10490","VTI1B","VTI1B",4,5.919,0.1797,0.2781,0.2601
923,"gene5351","5351","PLOD1","PLOD1",3,5.552,0.1884,0.2774,0.2616
924,"gene9585","9585","KIF20B","KIF20B",8,3.51,0.2934,0.2773,0.3127
925,"gene959","959","CD40LG","CD40LG",6,5.191,0.1998,0.2772,0.2381
926,"gene253782","253782","CERS6","CERS6",4,4.992,0.2071,0.277,0.1888
927,"gene518","518","ATP5MC3","ATP5MC3",6,5.747,0.1831,0.277,0.1369
928,"gene5411","5411","PNN","PNN",4,7.23,0.1687,0.2769,0.122
929,"gene2570","2570","GABRR2","GABRR2",4,2.546,0.3854,0.2763,0.5133
930,"gene29116","29116","MYLIP","MYLIP",12,5.894,0.1798,0.2761,0.2434
931,"gene10794","10794","ZNF460","ZNF460",3,2.616,0.3776,0.2758,0.2552
932,"gene10970","10970","CKAP4","CKAP4",14,5.639,0.1857,0.2757,0.2442
933,"gene79090","79090","TRAPPC6A","TRAPPC6A",10,4.814,0.2139,0.2747,0.1417
934,"gene6124","6124","RPL4","RPL4",46,10.718,0.2121,0.2747,0.1658
935,"gene932","932","MS4A3","MS4A3",3,3.105,0.3282,0.2741,0.6134
936,"gene55313","55313","CPPED1","CPPED1",3,7.483,0.1688,0.2737,0.2323
937,"gene114882","114882","OSBPL8","OSBPL8",5,6.558,0.1701,0.2735,0.2084
938,"gene55701","55701","ARHGEF40","ARHGEF40",13,5.721,0.1831,0.273,0.3101
939,"gene610","610","HCN2","HCN2",3,2.275,0.4147,0.2719,0.5581
940,"gene8863","8863","PER3","PER3",7,4.148,0.2472,0.2713,0.3058
941,"gene3109","3109","HLA-DMB","HLA-DMB",3,4.889,0.21,0.2712,0.2205
942,"gene8313","8313","AXIN2","AXIN2",10,4.794,0.2138,0.2705,0.4272
943,"gene83858","83858","ATAD3B","ATAD3B",3,5.014,0.2049,0.2704,0.2444
944,"gene11240","11240","PADI2","PADI2",5,6.337,0.1719,0.2703,0.5464
945,"gene1795","1795","DOCK3","DOCK3",20,2.625,0.3745,0.2701,0.4041
946,"gene151306","151306","GPBAR1","GPBAR1",6,4.493,0.2279,0.2701,0.3566
947,"gene6132","6132","RPL8","RPL8",49,10.236,0.2017,0.27,0.1781
948,"gene1514","1514","CTSL","CTSL",44,2.863,0.3501,0.2699,0.5093
949,"gene63891","63891","RNF123","RNF123",8,6.043,0.1758,0.2692,0.2619
950,"gene4172","4172","MCM3","MCM3",24,6.103,0.1747,0.2686,0.1189
951,"gene79143","79143","MBOAT7","MBOAT7",5,6.666,0.1685,0.2685,0.1882
952,"gene64772","64772","ENGASE","ENGASE",4,6.454,0.1701,0.2679,0.2741
953,"gene25804","25804","LSM4","LSM4",9,5.335,0.1932,0.2678,0.1384
954,"gene29802","29802","VPREB3","VPREB3",2,2.536,0.3831,0.2676,0.5437
955,"gene7433","7433","VIPR1","VIPR1",7,5.663,0.1836,0.2676,0.2909
956,"gene1508","1508","CTSB","CTSB",21,8.529,0.1775,0.2675,0.2267
957,"gene1901","1901","S1PR1","S1PR1",14,7.782,0.1712,0.2674,0.1677
958,"gene23530","23530","NNT","NNT",3,5.675,0.1832,0.2673,0.139
959,"gene79646","79646","PANK3","PANK3",5,4.128,0.2473,0.2672,0.1739
960,"gene89849","89849","ATG16L2","ATG16L2",2,8.542,0.1776,0.267,0.1754
961,"gene7710","7710","ZNF154","ZNF154",3,3.982,0.2563,0.267,0.6379
962,"gene7027","7027","TFDP1","TFDP1",61,5.8,0.1801,0.2668,0.2328
963,"gene2643","2643","GCH1","GCH1",4,4.704,0.2171,0.2667,0.2169
964,"gene200315","200315","APOBEC3A","APOBEC3A",4,5.36,0.1922,0.2666,0.3787
965,"gene143884","143884","CWF19L2","CWF19L2",4,5.123,0.2001,0.2666,0.1399
966,"gene2948","2948","GSTM4","GSTM4",9,4.336,0.2354,0.2665,0.7629
967,"gene9188","9188","DDX21","DDX21",8,6.679,0.1681,0.2664,0.1284
968,"gene4343","4343","MOV10","MOV10",79,5.785,0.1804,0.2664,0.2248
969,"gene219855","219855","SLC37A2","SLC37A2",4,4.784,0.2133,0.2663,0.2915
970,"gene1234","1234","CCR5","CCR5",19,5.445,0.1893,0.2658,0.3946
971,"gene51251","51251","NT5C3A","NT5C3A",4,4.469,0.2281,0.2656,0.2976
972,"gene3727","3727","JUND","JUND",21,7.322,0.1665,0.2649,0.1612
973,"gene57449","57449","PLEKHG5","PLEKHG5",14,3.661,0.2781,0.2648,0.4043
974,"gene7423","7423","VEGFB","VEGFB",9,5.046,0.2025,0.2645,0.1544
975,"gene2026","2026","ENO2","ENO2",5,5.294,0.1939,0.2643,0.2451
976,"gene79414","79414","LRFN3","LRFN3",3,3.582,0.2839,0.2642,0.2183
977,"gene120227","120227","CYP2R1","CYP2R1",12,3.528,0.2881,0.264,0.1898
978,"gene975","975","CD81","CD81",6,7.021,0.1664,0.264,0.2008
979,"gene9349","9349","RPL23","RPL23",46,9.413,0.187,0.2637,0.1516
980,"gene84868","84868","HAVCR2","HAVCR2",4,4.84,0.2104,0.2636,0.3182
981,"gene23461","23461","ABCA5","ABCA5",3,4.074,0.2497,0.2635,0.291
982,"gene6122","6122","RPL3","RPL3",46,11.063,0.2169,0.2634,0.1816
983,"gene1435","1435","CSF1","CSF1",15,3.616,0.2811,0.2632,0.3185
984,"gene84418","84418","CYSTM1","CYSTM1",3,3.531,0.2876,0.2631,0.2984
985,"gene79930","79930","DOK3","DOK3",3,7.438,0.1666,0.2631,0.1834
986,"gene27336","27336","HTATSF1","HTATSF1",6,6.081,0.1739,0.2625,0.1219
987,"gene2833","2833","CXCR3","CXCR3",11,5.316,0.1928,0.2623,0.3494
988,"gene338596","338596","ST8SIA6","ST8SIA6",9,2.585,0.3756,0.262,0.463
989,"gene53822","53822","FXYD7","FXYD7",11,2.65,0.3688,0.2619,0.395
990,"gene51332","51332","SPTBN5","SPTBN5",24,3.16,0.3191,0.2616,0.5389
991,"gene56034","56034","PDGFC","PDGFC",3,2.468,0.3883,0.2615,0.4216
992,"gene873","873","CBR1","CBR1",5,4.385,0.2315,0.2613,0.2225
993,"gene9260","9260","PDLIM7","PDLIM7",4,6.392,0.1696,0.261,0.2069
994,"gene26049","26049","FAM169A","FAM169A",5,3.263,0.3099,0.261,0.3278
995,"gene433","433","ASGR2","ASGR2",3,3.878,0.2615,0.2607,0.4626
996,"gene120892","120892","LRRK2","LRRK2",4,7.297,0.1657,0.2604,0.1824
997,"gene3687","3687","ITGAX","ITGAX",11,9.277,0.1845,0.2603,0.2541
998,"gene219","219","ALDH1B1","ALDH1B1",6,3.205,0.3147,0.26,0.2373
999,"gene55252","55252","ASXL2","ASXL2",4,6.449,0.1688,0.26,0.145
1000,"gene521","521","ATP5ME","ATP5ME",6,5.064,0.2009,0.2598,0.1313
